year,max_game_date,rn,x_numer,x_denom,xwoba,player_name,player_id,league_avg_xwoba,rn_fwd
2026,2026-09-25 17:00:00 PDT,1,40.55908,100,0.4055908,Mookie Betts,605141,0.30102877697841723,1
2026,2026-09-25 17:00:00 PDT,2,41.34508,100,0.4134508,Mookie Betts,605141,0.30102877697841723,2
2026,2026-09-25 17:00:00 PDT,3,41.35508,100,0.4135508,Mookie Betts,605141,0.30102877697841723,3
2026,2026-09-25 17:00:00 PDT,4,41.44108,100,0.4144108,Mookie Betts,605141,0.30102877697841723,4
2026,2026-09-25 17:00:00 PDT,5,40.88508,100,0.4088508,Mookie Betts,605141,0.30102877697841723,5
2026,2026-09-24 17:00:00 PDT,6,41.53508,100,0.4153508,Mookie Betts,605141,0.30102877697841723,6
2026,2026-09-24 17:00:00 PDT,7,41.31608,100,0.4131608,Mookie Betts,605141,0.30102877697841723,7
2026,2026-09-24 17:00:00 PDT,8,41.41208,100,0.4141208,Mookie Betts,605141,0.30102877697841723,8
2026,2026-09-24 17:00:00 PDT,9,41.61308,100,0.4161308,Mookie Betts,605141,0.30102877697841723,9
2026,2026-09-23 17:00:00 PDT,10,40.94070,100,0.409407,Mookie Betts,605141,0.30102877697841723,10
2026,2026-09-23 17:00:00 PDT,11,41.08970,100,0.410897,Mookie Betts,605141,0.30102877697841723,11
2026,2026-09-23 17:00:00 PDT,12,40.39632,100,0.4039632,Mookie Betts,605141,0.30102877697841723,12
2026,2026-09-23 17:00:00 PDT,13,39.85332,100,0.3985332,Mookie Betts,605141,0.30102877697841723,13
2026,2026-09-23 17:00:00 PDT,14,39.11632,100,0.3911632,Mookie Betts,605141,0.30102877697841723,14
2026,2026-09-22 17:00:00 PDT,15,38.32232,100,0.3832232,Mookie Betts,605141,0.30102877697841723,15
2026,2026-09-22 17:00:00 PDT,16,38.63232,100,0.3863232,Mookie Betts,605141,0.30102877697841723,16
2026,2026-09-22 17:00:00 PDT,17,38.53532,100,0.3853532,Mookie Betts,605141,0.30102877697841723,17
2026,2026-09-22 17:00:00 PDT,18,38.53532,100,0.3853532,Mookie Betts,605141,0.30102877697841723,18
2026,2026-09-22 17:00:00 PDT,19,38.55532,100,0.3855532,Mookie Betts,605141,0.30102877697841723,19
2026,2026-09-21 17:00:00 PDT,20,38.70232,100,0.3870232,Mookie Betts,605141,0.30102877697841723,20
2026,2026-09-21 17:00:00 PDT,21,38.72232,100,0.3872232,Mookie Betts,605141,0.30102877697841723,21
2026,2026-09-21 17:00:00 PDT,22,39.36832,100,0.3936832,Mookie Betts,605141,0.30102877697841723,22
2026,2026-09-21 17:00:00 PDT,23,39.68470,100,0.396847,Mookie Betts,605141,0.30102877697841723,23
2026,2026-09-21 17:00:00 PDT,24,39.75932,100,0.3975932,Mookie Betts,605141,0.30102877697841723,24
2026,2026-09-19 17:00:00 PDT,25,39.93532,100,0.3993532,Mookie Betts,605141,0.30102877697841723,25
2026,2026-09-19 17:00:00 PDT,26,39.80132,100,0.3980132,Mookie Betts,605141,0.30102877697841723,26
2026,2026-09-19 17:00:00 PDT,27,40.27270,100,0.402727,Mookie Betts,605141,0.30102877697841723,27
2026,2026-09-19 17:00:00 PDT,28,40.50970,100,0.405097,Mookie Betts,605141,0.30102877697841723,28
2026,2026-09-18 17:00:00 PDT,29,41.10670,100,0.411067,Mookie Betts,605141,0.30102877697841723,29
2026,2026-09-18 17:00:00 PDT,30,40.41332,100,0.4041332,Mookie Betts,605141,0.30102877697841723,30
2026,2026-09-18 17:00:00 PDT,31,39.91232,100,0.3991232,Mookie Betts,605141,0.30102877697841723,31
2026,2026-09-18 17:00:00 PDT,32,39.78232,100,0.3978232,Mookie Betts,605141,0.30102877697841723,32
2026,2026-09-18 17:00:00 PDT,33,39.46432,100,0.3946432,Mookie Betts,605141,0.30102877697841723,33
2026,2026-09-17 17:00:00 PDT,34,38.65132,100,0.3865132,Mookie Betts,605141,0.30102877697841723,34
2026,2026-09-17 17:00:00 PDT,35,37.86732,100,0.3786732,Mookie Betts,605141,0.30102877697841723,35
2026,2026-09-17 17:00:00 PDT,36,38.02032,100,0.3802032,Mookie Betts,605141,0.30102877697841723,36
2026,2026-09-17 17:00:00 PDT,37,37.29832,100,0.3729832,Mookie Betts,605141,0.30102877697841723,37
2026,2026-09-17 17:00:00 PDT,38,37.329292,100,0.37329292,Mookie Betts,605141,0.30102877697841723,38
2026,2026-09-15 17:00:00 PDT,39,36.662292,100,0.36662292,Mookie Betts,605141,0.30102877697841723,39
2026,2026-09-15 17:00:00 PDT,40,36.465292,100,0.36465292,Mookie Betts,605141,0.30102877697841723,40
2026,2026-09-15 17:00:00 PDT,41,36.401672,100,0.36401672,Mookie Betts,605141,0.30102877697841723,41
2026,2026-09-15 17:00:00 PDT,42,36.294292,100,0.36294292,Mookie Betts,605141,0.30102877697841723,42
2026,2026-09-15 17:00:00 PDT,43,35.662292,100,0.35662292,Mookie Betts,605141,0.30102877697841723,43
2026,2026-09-14 17:00:00 PDT,44,35.190292,100,0.35190292,Mookie Betts,605141,0.30102877697841723,44
2026,2026-09-14 17:00:00 PDT,45,35.769292,100,0.35769292,Mookie Betts,605141,0.30102877697841723,45
2026,2026-09-14 17:00:00 PDT,46,35.695292,100,0.35695292,Mookie Betts,605141,0.30102877697841723,46
2026,2026-09-14 17:00:00 PDT,47,35.695292,100,0.35695292,Mookie Betts,605141,0.30102877697841723,47
2026,2026-09-13 17:00:00 PDT,48,36.279292,100,0.36279292,Mookie Betts,605141,0.30102877697841723,48
2026,2026-09-13 17:00:00 PDT,49,36.148292,100,0.36148292,Mookie Betts,605141,0.30102877697841723,49
2026,2026-09-13 17:00:00 PDT,50,36.159292,100,0.36159292,Mookie Betts,605141,0.30102877697841723,50
2026,2026-09-13 17:00:00 PDT,51,35.769292,100,0.35769292,Mookie Betts,605141,0.30102877697841723,51
2026,2026-09-12 17:00:00 PDT,52,35.711292,100,0.35711292,Mookie Betts,605141,0.30102877697841723,52
2026,2026-09-12 17:00:00 PDT,53,35.342292,100,0.35342292,Mookie Betts,605141,0.30102877697841723,53
2026,2026-09-12 17:00:00 PDT,54,34.912912,100,0.34912912,Mookie Betts,605141,0.30102877697841723,54
2026,2026-09-12 17:00:00 PDT,55,34.454912,100,0.34454912,Mookie Betts,605141,0.30102877697841723,55
2026,2026-09-12 17:00:00 PDT,56,34.765912,100,0.34765912,Mookie Betts,605141,0.30102877697841723,56
2026,2026-09-11 17:00:00 PDT,57,35.127912,100,0.35127912,Mookie Betts,605141,0.30102877697841723,57
2026,2026-09-11 17:00:00 PDT,58,35.127912,100,0.35127912,Mookie Betts,605141,0.30102877697841723,58
2026,2026-09-11 17:00:00 PDT,59,35.253532,100,0.35253532,Mookie Betts,605141,0.30102877697841723,59
2026,2026-09-11 17:00:00 PDT,60,35.153532,100,0.35153532,Mookie Betts,605141,0.30102877697841723,60
2026,2026-09-10 17:00:00 PDT,61,33.730532,100,0.33730532,Mookie Betts,605141,0.30102877697841723,61
2026,2026-09-10 17:00:00 PDT,62,33.261532,100,0.33261532,Mookie Betts,605141,0.30102877697841723,62
2026,2026-09-10 17:00:00 PDT,63,33.462152,100,0.33462152,Mookie Betts,605141,0.30102877697841723,63
2026,2026-09-10 17:00:00 PDT,64,33.315152,100,0.33315152,Mookie Betts,605141,0.30102877697841723,64
2026,2026-09-10 17:00:00 PDT,65,33.322152,100,0.33322152,Mookie Betts,605141,0.30102877697841723,65
2026,2026-09-08 17:00:00 PDT,66,33.326152,100,0.33326152,Mookie Betts,605141,0.30102877697841723,66
2026,2026-09-08 17:00:00 PDT,67,33.321152,100,0.33321152,Mookie Betts,605141,0.30102877697841723,67
2026,2026-09-08 17:00:00 PDT,68,32.785152,100,0.32785152,Mookie Betts,605141,0.30102877697841723,68
2026,2026-09-08 17:00:00 PDT,69,32.217152,100,0.32217152,Mookie Betts,605141,0.30102877697841723,69
2026,2026-09-08 17:00:00 PDT,70,31.500152,100,0.31500152,Mookie Betts,605141,0.30102877697841723,70
2026,2026-09-07 17:00:00 PDT,71,31.957152,100,0.31957152,Mookie Betts,605141,0.30102877697841723,71
2026,2026-09-07 17:00:00 PDT,72,31.371772,100,0.31371772,Mookie Betts,605141,0.30102877697841723,72
2026,2026-09-07 17:00:00 PDT,73,31.133392,100,0.31133392,Mookie Betts,605141,0.30102877697841723,73
2026,2026-09-07 17:00:00 PDT,74,31.784772,100,0.31784772,Mookie Betts,605141,0.30102877697841723,74
2026,2026-09-05 17:00:00 PDT,75,32.376772,100,0.32376772,Mookie Betts,605141,0.30102877697841723,75
2026,2026-09-05 17:00:00 PDT,76,32.709772,100,0.32709772,Mookie Betts,605141,0.30102877697841723,76
2026,2026-09-05 17:00:00 PDT,77,32.594772,100,0.32594772,Mookie Betts,605141,0.30102877697841723,77
2026,2026-09-05 17:00:00 PDT,78,33.349772,100,0.33349772,Mookie Betts,605141,0.30102877697841723,78
2026,2026-09-05 17:00:00 PDT,79,33.325772,100,0.33325772,Mookie Betts,605141,0.30102877697841723,79
2026,2026-09-04 17:00:00 PDT,80,34.314772,100,0.34314772,Mookie Betts,605141,0.30102877697841723,80
2026,2026-09-04 17:00:00 PDT,81,34.101772,100,0.34101772,Mookie Betts,605141,0.30102877697841723,81
2026,2026-09-04 17:00:00 PDT,82,33.949772,100,0.33949772,Mookie Betts,605141,0.30102877697841723,82
2026,2026-09-04 17:00:00 PDT,83,33.949772,100,0.33949772,Mookie Betts,605141,0.30102877697841723,83
2026,2026-09-03 17:00:00 PDT,84,33.983772,100,0.33983772,Mookie Betts,605141,0.30102877697841723,84
2026,2026-09-03 17:00:00 PDT,85,33.872772,100,0.33872772,Mookie Betts,605141,0.30102877697841723,85
2026,2026-09-03 17:00:00 PDT,86,33.501772,100,0.33501772,Mookie Betts,605141,0.30102877697841723,86
2026,2026-09-03 17:00:00 PDT,87,33.586152,100,0.33586152,Mookie Betts,605141,0.30102877697841723,87
2026,2026-09-02 17:00:00 PDT,88,33.869152,100,0.33869152,Mookie Betts,605141,0.30102877697841723,88
2026,2026-09-02 17:00:00 PDT,89,33.869152,100,0.33869152,Mookie Betts,605141,0.30102877697841723,89
2026,2026-09-02 17:00:00 PDT,90,33.480152,100,0.33480152,Mookie Betts,605141,0.30102877697841723,90
2026,2026-09-02 17:00:00 PDT,91,32.799772,100,0.32799772,Mookie Betts,605141,0.30102877697841723,91
2026,2026-09-02 17:00:00 PDT,92,32.907772,100,0.32907772,Mookie Betts,605141,0.30102877697841723,92
2026,2026-09-01 17:00:00 PDT,93,32.938772,100,0.32938772,Mookie Betts,605141,0.30102877697841723,93
2026,2026-09-01 17:00:00 PDT,94,32.444772,100,0.32444772,Mookie Betts,605141,0.30102877697841723,94
2026,2026-09-01 17:00:00 PDT,95,32.690772,100,0.32690772,Mookie Betts,605141,0.30102877697841723,95
2026,2026-09-01 17:00:00 PDT,96,31.649772,100,0.31649772,Mookie Betts,605141,0.30102877697841723,96
2026,2026-09-01 17:00:00 PDT,97,31.105772,100,0.31105772,Mookie Betts,605141,0.30102877697841723,97
2026,2026-09-01 17:00:00 PDT,98,31.960772,100,0.31960772,Mookie Betts,605141,0.30102877697841723,98
2026,2026-08-31 17:00:00 PDT,99,32.788772,100,0.32788772,Mookie Betts,605141,0.30102877697841723,99
2026,2026-08-31 17:00:00 PDT,100,32.914392,100,0.32914392,Mookie Betts,605141,0.30102877697841723,100
2026,2026-09-25 17:00:00 PDT,1,34.906264,100,0.34906264,Shohei Ohtani,660271,0.30102877697841723,1
2026,2026-09-25 17:00:00 PDT,2,34.859264,100,0.34859264,Shohei Ohtani,660271,0.30102877697841723,2
2026,2026-09-25 17:00:00 PDT,3,34.875264,100,0.34875264,Shohei Ohtani,660271,0.30102877697841723,3
2026,2026-09-25 17:00:00 PDT,4,34.695264,100,0.34695264,Shohei Ohtani,660271,0.30102877697841723,4
2026,2026-09-25 17:00:00 PDT,5,34.713264,100,0.34713264,Shohei Ohtani,660271,0.30102877697841723,5
2026,2026-09-24 17:00:00 PDT,6,34.713264,100,0.34713264,Shohei Ohtani,660271,0.30102877697841723,6
2026,2026-09-24 17:00:00 PDT,7,36.643264,100,0.36643264,Shohei Ohtani,660271,0.30102877697841723,7
2026,2026-09-24 17:00:00 PDT,8,37.095264,100,0.37095264,Shohei Ohtani,660271,0.30102877697841723,8
2026,2026-09-24 17:00:00 PDT,9,37.336264,100,0.37336264,Shohei Ohtani,660271,0.30102877697841723,9
2026,2026-09-23 17:00:00 PDT,10,39.181264,100,0.39181264,Shohei Ohtani,660271,0.30102877697841723,10
2026,2026-09-23 17:00:00 PDT,11,38.420264,100,0.38420264,Shohei Ohtani,660271,0.30102877697841723,11
2026,2026-09-23 17:00:00 PDT,12,38.420264,100,0.38420264,Shohei Ohtani,660271,0.30102877697841723,12
2026,2026-09-23 17:00:00 PDT,13,37.987264,100,0.37987264,Shohei Ohtani,660271,0.30102877697841723,13
2026,2026-09-23 17:00:00 PDT,14,37.435264,100,0.37435264,Shohei Ohtani,660271,0.30102877697841723,14
2026,2026-09-22 17:00:00 PDT,15,36.401264,100,0.36401264,Shohei Ohtani,660271,0.30102877697841723,15
2026,2026-09-22 17:00:00 PDT,16,36.454264,100,0.36454264,Shohei Ohtani,660271,0.30102877697841723,16
2026,2026-09-22 17:00:00 PDT,17,36.125264,100,0.36125264,Shohei Ohtani,660271,0.30102877697841723,17
2026,2026-09-22 17:00:00 PDT,18,36.285264,100,0.36285264,Shohei Ohtani,660271,0.30102877697841723,18
2026,2026-09-22 17:00:00 PDT,19,36.857884,100,0.36857884,Shohei Ohtani,660271,0.30102877697841723,19
2026,2026-09-06 17:00:00 PDT,20,36.296884,100,0.36296884,Shohei Ohtani,660271,0.30102877697841723,20
2026,2026-09-06 17:00:00 PDT,21,35.768504,100,0.35768504,Shohei Ohtani,660271,0.30102877697841723,21
2026,2026-09-06 17:00:00 PDT,22,35.927504,100,0.35927504,Shohei Ohtani,660271,0.30102877697841723,22
2026,2026-09-06 17:00:00 PDT,23,35.927504,100,0.35927504,Shohei Ohtani,660271,0.30102877697841723,23
2026,2026-09-01 17:00:00 PDT,24,35.905504,100,0.35905504,Shohei Ohtani,660271,0.30102877697841723,24
2026,2026-09-01 17:00:00 PDT,25,35.963504,100,0.35963504,Shohei Ohtani,660271,0.30102877697841723,25
2026,2026-09-01 17:00:00 PDT,26,35.963504,100,0.35963504,Shohei Ohtani,660271,0.30102877697841723,26
2026,2026-09-01 17:00:00 PDT,27,35.963504,100,0.35963504,Shohei Ohtani,660271,0.30102877697841723,27
2026,2026-09-01 17:00:00 PDT,28,36.239504,100,0.36239504,Shohei Ohtani,660271,0.30102877697841723,28
2026,2026-09-01 17:00:00 PDT,29,35.794152,100,0.35794152,Shohei Ohtani,660271,0.30102877697841723,29
2026,2026-08-31 17:00:00 PDT,30,35.212772,100,0.35212772,Shohei Ohtani,660271,0.30102877697841723,30
2026,2026-08-31 17:00:00 PDT,31,35.18180,100,0.351818,Shohei Ohtani,660271,0.30102877697841723,31
2026,2026-08-31 17:00:00 PDT,32,35.29818,100,0.3529818,Shohei Ohtani,660271,0.30102877697841723,32
2026,2026-08-31 17:00:00 PDT,33,34.62080,100,0.346208,Shohei Ohtani,660271,0.30102877697841723,33
2026,2026-08-29 17:00:00 PDT,34,35.29780,100,0.352978,Shohei Ohtani,660271,0.30102877697841723,34
2026,2026-08-29 17:00:00 PDT,35,35.29780,100,0.352978,Shohei Ohtani,660271,0.30102877697841723,35
2026,2026-08-29 17:00:00 PDT,36,36.01480,100,0.360148,Shohei Ohtani,660271,0.30102877697841723,36
2026,2026-08-29 17:00:00 PDT,37,36.01480,100,0.360148,Shohei Ohtani,660271,0.30102877697841723,37
2026,2026-08-29 17:00:00 PDT,38,36.63180,100,0.366318,Shohei Ohtani,660271,0.30102877697841723,38
2026,2026-08-28 17:00:00 PDT,39,36.32480,100,0.363248,Shohei Ohtani,660271,0.30102877697841723,39
2026,2026-08-28 17:00:00 PDT,40,36.38680,100,0.363868,Shohei Ohtani,660271,0.30102877697841723,40
2026,2026-08-28 17:00:00 PDT,41,36.47780,100,0.364778,Shohei Ohtani,660271,0.30102877697841723,41
2026,2026-08-28 17:00:00 PDT,42,35.78980,100,0.357898,Shohei Ohtani,660271,0.30102877697841723,42
2026,2026-08-27 17:00:00 PDT,43,36.09680,100,0.360968,Shohei Ohtani,660271,0.30102877697841723,43
2026,2026-08-27 17:00:00 PDT,44,36.33280,100,0.363328,Shohei Ohtani,660271,0.30102877697841723,44
2026,2026-08-27 17:00:00 PDT,45,37.05580,100,0.370558,Shohei Ohtani,660271,0.30102877697841723,45
2026,2026-08-27 17:00:00 PDT,46,37.05580,100,0.370558,Shohei Ohtani,660271,0.30102877697841723,46
2026,2026-08-27 17:00:00 PDT,47,36.67380,100,0.366738,Shohei Ohtani,660271,0.30102877697841723,47
2026,2026-08-26 17:00:00 PDT,48,36.67380,100,0.366738,Shohei Ohtani,660271,0.30102877697841723,48
2026,2026-08-26 17:00:00 PDT,49,37.29580,100,0.372958,Shohei Ohtani,660271,0.30102877697841723,49
2026,2026-08-26 17:00:00 PDT,50,37.36680,100,0.373668,Shohei Ohtani,660271,0.30102877697841723,50
2026,2026-08-26 17:00:00 PDT,51,37.36680,100,0.373668,Shohei Ohtani,660271,0.30102877697841723,51
2026,2026-08-25 17:00:00 PDT,52,37.82280,100,0.378228,Shohei Ohtani,660271,0.30102877697841723,52
2026,2026-08-25 17:00:00 PDT,53,38.02780,100,0.380278,Shohei Ohtani,660271,0.30102877697841723,53
2026,2026-08-25 17:00:00 PDT,54,37.22980,100,0.372298,Shohei Ohtani,660271,0.30102877697841723,54
2026,2026-08-25 17:00:00 PDT,55,38.38080,100,0.383808,Shohei Ohtani,660271,0.30102877697841723,55
2026,2026-08-25 17:00:00 PDT,56,39.02880,100,0.390288,Shohei Ohtani,660271,0.30102877697841723,56
2026,2026-08-24 17:00:00 PDT,57,39.02880,100,0.390288,Shohei Ohtani,660271,0.30102877697841723,57
2026,2026-08-24 17:00:00 PDT,58,38.30680,100,0.383068,Shohei Ohtani,660271,0.30102877697841723,58
2026,2026-08-24 17:00:00 PDT,59,38.90580,100,0.389058,Shohei Ohtani,660271,0.30102877697841723,59
2026,2026-08-24 17:00:00 PDT,60,38.73280,100,0.387328,Shohei Ohtani,660271,0.30102877697841723,60
2026,2026-08-24 17:00:00 PDT,61,39.63880,100,0.396388,Shohei Ohtani,660271,0.30102877697841723,61
2026,2026-08-22 17:00:00 PDT,62,40.39580,100,0.403958,Shohei Ohtani,660271,0.30102877697841723,62
2026,2026-08-22 17:00:00 PDT,63,42.18080,100,0.421808,Shohei Ohtani,660271,0.30102877697841723,63
2026,2026-08-22 17:00:00 PDT,64,42.08580,100,0.420858,Shohei Ohtani,660271,0.30102877697841723,64
2026,2026-08-22 17:00:00 PDT,65,42.08580,100,0.420858,Shohei Ohtani,660271,0.30102877697841723,65
2026,2026-08-21 17:00:00 PDT,66,41.38742,100,0.4138742,Shohei Ohtani,660271,0.30102877697841723,66
2026,2026-08-21 17:00:00 PDT,67,41.86042,100,0.4186042,Shohei Ohtani,660271,0.30102877697841723,67
2026,2026-08-21 17:00:00 PDT,68,41.90542,100,0.4190542,Shohei Ohtani,660271,0.30102877697841723,68
2026,2026-08-21 17:00:00 PDT,69,41.43104,100,0.4143104,Shohei Ohtani,660271,0.30102877697841723,69
2026,2026-08-21 17:00:00 PDT,70,40.73266,100,0.4073266,Shohei Ohtani,660271,0.30102877697841723,70
2026,2026-08-20 17:00:00 PDT,71,40.79066,100,0.4079066,Shohei Ohtani,660271,0.30102877697841723,71
2026,2026-08-20 17:00:00 PDT,72,41.10366,100,0.4110366,Shohei Ohtani,660271,0.30102877697841723,72
2026,2026-08-20 17:00:00 PDT,73,40.40528,100,0.4040528,Shohei Ohtani,660271,0.30102877697841723,73
2026,2026-08-20 17:00:00 PDT,74,40.58628,100,0.4058628,Shohei Ohtani,660271,0.30102877697841723,74
2026,2026-08-20 17:00:00 PDT,75,40.76828,100,0.4076828,Shohei Ohtani,660271,0.30102877697841723,75
2026,2026-08-18 17:00:00 PDT,76,40.36190,100,0.403619,Shohei Ohtani,660271,0.30102877697841723,76
2026,2026-08-18 17:00:00 PDT,77,40.93890,100,0.409389,Shohei Ohtani,660271,0.30102877697841723,77
2026,2026-08-18 17:00:00 PDT,78,41.79890,100,0.417989,Shohei Ohtani,660271,0.30102877697841723,78
2026,2026-08-18 17:00:00 PDT,79,41.19452,100,0.4119452,Shohei Ohtani,660271,0.30102877697841723,79
2026,2026-08-18 17:00:00 PDT,80,41.61952,100,0.4161952,Shohei Ohtani,660271,0.30102877697841723,80
2026,2026-08-17 17:00:00 PDT,81,42.17252,100,0.4217252,Shohei Ohtani,660271,0.30102877697841723,81
2026,2026-08-17 17:00:00 PDT,82,41.74952,100,0.4174952,Shohei Ohtani,660271,0.30102877697841723,82
2026,2026-08-17 17:00:00 PDT,83,41.64652,100,0.4164652,Shohei Ohtani,660271,0.30102877697841723,83
2026,2026-08-17 17:00:00 PDT,84,42.19552,100,0.4219552,Shohei Ohtani,660271,0.30102877697841723,84
2026,2026-08-17 17:00:00 PDT,85,40.57852,100,0.4057852,Shohei Ohtani,660271,0.30102877697841723,85
2026,2026-08-16 17:00:00 PDT,86,40.83652,100,0.4083652,Shohei Ohtani,660271,0.30102877697841723,86
2026,2026-08-16 17:00:00 PDT,87,40.27652,100,0.4027652,Shohei Ohtani,660271,0.30102877697841723,87
2026,2026-08-16 17:00:00 PDT,88,38.36552,100,0.3836552,Shohei Ohtani,660271,0.30102877697841723,88
2026,2026-08-16 17:00:00 PDT,89,36.50552,100,0.3650552,Shohei Ohtani,660271,0.30102877697841723,89
2026,2026-08-16 17:00:00 PDT,90,36.85752,100,0.3685752,Shohei Ohtani,660271,0.30102877697841723,90
2026,2026-08-15 17:00:00 PDT,91,36.55352,100,0.3655352,Shohei Ohtani,660271,0.30102877697841723,91
2026,2026-08-15 17:00:00 PDT,92,36.63852,100,0.3663852,Shohei Ohtani,660271,0.30102877697841723,92
2026,2026-08-15 17:00:00 PDT,93,37.63552,100,0.3763552,Shohei Ohtani,660271,0.30102877697841723,93
2026,2026-08-15 17:00:00 PDT,94,37.63552,100,0.3763552,Shohei Ohtani,660271,0.30102877697841723,94
2026,2026-08-14 17:00:00 PDT,95,37.16952,100,0.3716952,Shohei Ohtani,660271,0.30102877697841723,95
2026,2026-08-14 17:00:00 PDT,96,37.36152,100,0.3736152,Shohei Ohtani,660271,0.30102877697841723,96
2026,2026-08-14 17:00:00 PDT,97,37.59652,100,0.3759652,Shohei Ohtani,660271,0.30102877697841723,97
2026,2026-08-14 17:00:00 PDT,98,37.44252,100,0.3744252,Shohei Ohtani,660271,0.30102877697841723,98
2026,2026-08-13 17:00:00 PDT,99,37.44052,100,0.3744052,Shohei Ohtani,660271,0.30102877697841723,99
2026,2026-08-13 17:00:00 PDT,100,37.01814,100,0.3701814,Shohei Ohtani,660271,0.30102877697841723,100
2026,2026-09-25 17:00:00 PDT,1,42.314504,100,0.42314504,Teoscar Hernández,606192,0.30102877697841723,1
2026,2026-09-25 17:00:00 PDT,2,41.789504,100,0.41789504,Teoscar Hernández,606192,0.30102877697841723,2
2026,2026-09-25 17:00:00 PDT,3,41.834504,100,0.41834504,Teoscar Hernández,606192,0.30102877697841723,3
2026,2026-09-24 17:00:00 PDT,4,41.834504,100,0.41834504,Teoscar Hernández,606192,0.30102877697841723,4
2026,2026-09-24 17:00:00 PDT,5,41.811504,100,0.41811504,Teoscar Hernández,606192,0.30102877697841723,5
2026,2026-09-24 17:00:00 PDT,6,41.820504,100,0.41820504,Teoscar Hernández,606192,0.30102877697841723,6
2026,2026-09-24 17:00:00 PDT,7,42.053504,100,0.42053504,Teoscar Hernández,606192,0.30102877697841723,7
2026,2026-09-23 17:00:00 PDT,8,40.721884,100,0.40721884,Teoscar Hernández,606192,0.30102877697841723,8
2026,2026-09-23 17:00:00 PDT,9,41.462884,100,0.41462884,Teoscar Hernández,606192,0.30102877697841723,9
2026,2026-09-23 17:00:00 PDT,10,41.462884,100,0.41462884,Teoscar Hernández,606192,0.30102877697841723,10
2026,2026-09-23 17:00:00 PDT,11,40.751532,100,0.40751532,Teoscar Hernández,606192,0.30102877697841723,11
2026,2026-09-22 17:00:00 PDT,12,40.806532,100,0.40806532,Teoscar Hernández,606192,0.30102877697841723,12
2026,2026-09-22 17:00:00 PDT,13,40.806532,100,0.40806532,Teoscar Hernández,606192,0.30102877697841723,13
2026,2026-09-22 17:00:00 PDT,14,40.393532,100,0.40393532,Teoscar Hernández,606192,0.30102877697841723,14
2026,2026-09-22 17:00:00 PDT,15,40.385532,100,0.40385532,Teoscar Hernández,606192,0.30102877697841723,15
2026,2026-09-21 17:00:00 PDT,16,40.303532,100,0.40303532,Teoscar Hernández,606192,0.30102877697841723,16
2026,2026-09-21 17:00:00 PDT,17,40.223532,100,0.40223532,Teoscar Hernández,606192,0.30102877697841723,17
2026,2026-09-21 17:00:00 PDT,18,40.810912,100,0.40810912,Teoscar Hernández,606192,0.30102877697841723,18
2026,2026-09-21 17:00:00 PDT,19,41.090912,100,0.41090912,Teoscar Hernández,606192,0.30102877697841723,19
2026,2026-09-19 17:00:00 PDT,20,40.825912,100,0.40825912,Teoscar Hernández,606192,0.30102877697841723,20
2026,2026-09-19 17:00:00 PDT,21,40.482912,100,0.40482912,Teoscar Hernández,606192,0.30102877697841723,21
2026,2026-09-19 17:00:00 PDT,22,39.998912,100,0.39998912,Teoscar Hernández,606192,0.30102877697841723,22
2026,2026-09-19 17:00:00 PDT,23,39.998912,100,0.39998912,Teoscar Hernández,606192,0.30102877697841723,23
2026,2026-09-18 17:00:00 PDT,24,39.972912,100,0.39972912,Teoscar Hernández,606192,0.30102877697841723,24
2026,2026-09-18 17:00:00 PDT,25,40.153912,100,0.40153912,Teoscar Hernández,606192,0.30102877697841723,25
2026,2026-09-18 17:00:00 PDT,26,40.153912,100,0.40153912,Teoscar Hernández,606192,0.30102877697841723,26
2026,2026-09-18 17:00:00 PDT,27,39.188912,100,0.39188912,Teoscar Hernández,606192,0.30102877697841723,27
2026,2026-09-18 17:00:00 PDT,28,39.067912,100,0.39067912,Teoscar Hernández,606192,0.30102877697841723,28
2026,2026-09-17 17:00:00 PDT,29,39.254912,100,0.39254912,Teoscar Hernández,606192,0.30102877697841723,29
2026,2026-09-17 17:00:00 PDT,30,39.452912,100,0.39452912,Teoscar Hernández,606192,0.30102877697841723,30
2026,2026-09-17 17:00:00 PDT,31,40.367912,100,0.40367912,Teoscar Hernández,606192,0.30102877697841723,31
2026,2026-09-17 17:00:00 PDT,32,39.456912,100,0.39456912,Teoscar Hernández,606192,0.30102877697841723,32
2026,2026-09-17 17:00:00 PDT,33,38.883912,100,0.38883912,Teoscar Hernández,606192,0.30102877697841723,33
2026,2026-09-16 17:00:00 PDT,34,39.516292,100,0.39516292,Teoscar Hernández,606192,0.30102877697841723,34
2026,2026-09-16 17:00:00 PDT,35,39.516292,100,0.39516292,Teoscar Hernández,606192,0.30102877697841723,35
2026,2026-09-16 17:00:00 PDT,36,39.506292,100,0.39506292,Teoscar Hernández,606192,0.30102877697841723,36
2026,2026-09-16 17:00:00 PDT,37,40.546912,100,0.40546912,Teoscar Hernández,606192,0.30102877697841723,37
2026,2026-09-16 17:00:00 PDT,38,40.922912,100,0.40922912,Teoscar Hernández,606192,0.30102877697841723,38
2026,2026-09-15 17:00:00 PDT,39,41.771912,100,0.41771912,Teoscar Hernández,606192,0.30102877697841723,39
2026,2026-09-15 17:00:00 PDT,40,41.771912,100,0.41771912,Teoscar Hernández,606192,0.30102877697841723,40
2026,2026-09-15 17:00:00 PDT,41,41.423912,100,0.41423912,Teoscar Hernández,606192,0.30102877697841723,41
2026,2026-09-15 17:00:00 PDT,42,41.795912,100,0.41795912,Teoscar Hernández,606192,0.30102877697841723,42
2026,2026-09-15 17:00:00 PDT,43,41.795912,100,0.41795912,Teoscar Hernández,606192,0.30102877697841723,43
2026,2026-09-14 17:00:00 PDT,44,41.244532,100,0.41244532,Teoscar Hernández,606192,0.30102877697841723,44
2026,2026-09-14 17:00:00 PDT,45,41.490532,100,0.41490532,Teoscar Hernández,606192,0.30102877697841723,45
2026,2026-09-14 17:00:00 PDT,46,40.792152,100,0.40792152,Teoscar Hernández,606192,0.30102877697841723,46
2026,2026-09-14 17:00:00 PDT,47,39.667152,100,0.39667152,Teoscar Hernández,606192,0.30102877697841723,47
2026,2026-09-13 17:00:00 PDT,48,39.611152,100,0.39611152,Teoscar Hernández,606192,0.30102877697841723,48
2026,2026-09-13 17:00:00 PDT,49,40.189152,100,0.40189152,Teoscar Hernández,606192,0.30102877697841723,49
2026,2026-09-13 17:00:00 PDT,50,39.490772,100,0.39490772,Teoscar Hernández,606192,0.30102877697841723,50
2026,2026-09-13 17:00:00 PDT,51,38.657152,100,0.38657152,Teoscar Hernández,606192,0.30102877697841723,51
2026,2026-09-11 17:00:00 PDT,52,38.477152,100,0.38477152,Teoscar Hernández,606192,0.30102877697841723,52
2026,2026-09-11 17:00:00 PDT,53,38.226152,100,0.38226152,Teoscar Hernández,606192,0.30102877697841723,53
2026,2026-09-11 17:00:00 PDT,54,38.683152,100,0.38683152,Teoscar Hernández,606192,0.30102877697841723,54
2026,2026-09-11 17:00:00 PDT,55,38.683152,100,0.38683152,Teoscar Hernández,606192,0.30102877697841723,55
2026,2026-09-10 17:00:00 PDT,56,38.367772,100,0.38367772,Teoscar Hernández,606192,0.30102877697841723,56
2026,2026-09-10 17:00:00 PDT,57,38.886772,100,0.38886772,Teoscar Hernández,606192,0.30102877697841723,57
2026,2026-09-10 17:00:00 PDT,58,39.036772,100,0.39036772,Teoscar Hernández,606192,0.30102877697841723,58
2026,2026-09-10 17:00:00 PDT,59,38.787772,100,0.38787772,Teoscar Hernández,606192,0.30102877697841723,59
2026,2026-09-08 17:00:00 PDT,60,39.097772,100,0.39097772,Teoscar Hernández,606192,0.30102877697841723,60
2026,2026-09-08 17:00:00 PDT,61,39.614772,100,0.39614772,Teoscar Hernández,606192,0.30102877697841723,61
2026,2026-09-08 17:00:00 PDT,62,40.024772,100,0.40024772,Teoscar Hernández,606192,0.30102877697841723,62
2026,2026-09-07 17:00:00 PDT,63,39.412772,100,0.39412772,Teoscar Hernández,606192,0.30102877697841723,63
2026,2026-09-07 17:00:00 PDT,64,39.176772,100,0.39176772,Teoscar Hernández,606192,0.30102877697841723,64
2026,2026-09-07 17:00:00 PDT,65,38.270772,100,0.38270772,Teoscar Hernández,606192,0.30102877697841723,65
2026,2026-09-07 17:00:00 PDT,66,37.587772,100,0.37587772,Teoscar Hernández,606192,0.30102877697841723,66
2026,2026-09-06 17:00:00 PDT,67,36.895392,100,0.36895392,Teoscar Hernández,606192,0.30102877697841723,67
2026,2026-09-06 17:00:00 PDT,68,35.293392,100,0.35293392,Teoscar Hernández,606192,0.30102877697841723,68
2026,2026-09-06 17:00:00 PDT,69,34.624392,100,0.34624392,Teoscar Hernández,606192,0.30102877697841723,69
2026,2026-09-05 17:00:00 PDT,70,34.702392,100,0.34702392,Teoscar Hernández,606192,0.30102877697841723,70
2026,2026-09-05 17:00:00 PDT,71,34.702392,100,0.34702392,Teoscar Hernández,606192,0.30102877697841723,71
2026,2026-09-05 17:00:00 PDT,72,34.443392,100,0.34443392,Teoscar Hernández,606192,0.30102877697841723,72
2026,2026-09-05 17:00:00 PDT,73,33.331392,100,0.33331392,Teoscar Hernández,606192,0.30102877697841723,73
2026,2026-09-04 17:00:00 PDT,74,32.639012,100,0.32639012,Teoscar Hernández,606192,0.30102877697841723,74
2026,2026-09-04 17:00:00 PDT,75,32.383012,100,0.32383012,Teoscar Hernández,606192,0.30102877697841723,75
2026,2026-09-04 17:00:00 PDT,76,32.395012,100,0.32395012,Teoscar Hernández,606192,0.30102877697841723,76
2026,2026-09-04 17:00:00 PDT,77,32.383012,100,0.32383012,Teoscar Hernández,606192,0.30102877697841723,77
2026,2026-09-03 17:00:00 PDT,78,31.741012,100,0.31741012,Teoscar Hernández,606192,0.30102877697841723,78
2026,2026-09-03 17:00:00 PDT,79,31.767012,100,0.31767012,Teoscar Hernández,606192,0.30102877697841723,79
2026,2026-09-03 17:00:00 PDT,80,33.050012,100,0.33050012,Teoscar Hernández,606192,0.30102877697841723,80
2026,2026-09-03 17:00:00 PDT,81,33.243012,100,0.33243012,Teoscar Hernández,606192,0.30102877697841723,81
2026,2026-09-02 17:00:00 PDT,82,32.607632,100,0.32607632,Teoscar Hernández,606192,0.30102877697841723,82
2026,2026-09-02 17:00:00 PDT,83,31.984632,100,0.31984632,Teoscar Hernández,606192,0.30102877697841723,83
2026,2026-09-02 17:00:00 PDT,84,31.812252,100,0.31812252,Teoscar Hernández,606192,0.30102877697841723,84
2026,2026-09-02 17:00:00 PDT,85,31.880252,100,0.31880252,Teoscar Hernández,606192,0.30102877697841723,85
2026,2026-09-02 17:00:00 PDT,86,31.514252,100,0.31514252,Teoscar Hernández,606192,0.30102877697841723,86
2026,2026-09-01 17:00:00 PDT,87,30.867872,100,0.30867872,Teoscar Hernández,606192,0.30102877697841723,87
2026,2026-09-01 17:00:00 PDT,88,30.630872,100,0.30630872,Teoscar Hernández,606192,0.30102877697841723,88
2026,2026-09-01 17:00:00 PDT,89,30.341872,100,0.30341872,Teoscar Hernández,606192,0.30102877697841723,89
2026,2026-09-01 17:00:00 PDT,90,31.128872,100,0.31128872,Teoscar Hernández,606192,0.30102877697841723,90
2026,2026-09-01 17:00:00 PDT,91,30.670872,100,0.30670872,Teoscar Hernández,606192,0.30102877697841723,91
2026,2026-08-31 17:00:00 PDT,92,29.930872,100,0.29930872,Teoscar Hernández,606192,0.30102877697841723,92
2026,2026-08-31 17:00:00 PDT,93,29.972872,100,0.29972872,Teoscar Hernández,606192,0.30102877697841723,93
2026,2026-08-31 17:00:00 PDT,94,29.993872,100,0.29993872,Teoscar Hernández,606192,0.30102877697841723,94
2026,2026-08-31 17:00:00 PDT,95,30.062252,100,0.30062252,Teoscar Hernández,606192,0.30102877697841723,95
2026,2026-08-31 17:00:00 PDT,96,31.019252,100,0.31019252,Teoscar Hernández,606192,0.30102877697841723,96
2026,2026-08-29 17:00:00 PDT,97,31.329252,100,0.31329252,Teoscar Hernández,606192,0.30102877697841723,97
2026,2026-08-29 17:00:00 PDT,98,30.60290,100,0.306029,Teoscar Hernández,606192,0.30102877697841723,98
2026,2026-08-29 17:00:00 PDT,99,28.60290,100,0.286029,Teoscar Hernández,606192,0.30102877697841723,99
2026,2026-08-29 17:00:00 PDT,100,28.37590,100,0.283759,Teoscar Hernández,606192,0.30102877697841723,100
2026,2026-09-24 17:00:00 PDT,1,31.448476,100,0.31448476,Max Muncy,571970,0.30102877697841723,1
2026,2026-09-24 17:00:00 PDT,2,31.299476,100,0.31299476,Max Muncy,571970,0.30102877697841723,2
2026,2026-09-24 17:00:00 PDT,3,31.292476,100,0.31292476,Max Muncy,571970,0.30102877697841723,3
2026,2026-09-23 17:00:00 PDT,4,32.017476,100,0.32017476,Max Muncy,571970,0.30102877697841723,4
2026,2026-09-23 17:00:00 PDT,5,32.238476,100,0.32238476,Max Muncy,571970,0.30102877697841723,5
2026,2026-09-23 17:00:00 PDT,6,32.238476,100,0.32238476,Max Muncy,571970,0.30102877697841723,6
2026,2026-09-22 17:00:00 PDT,7,32.936856,100,0.32936856,Max Muncy,571970,0.30102877697841723,7
2026,2026-09-22 17:00:00 PDT,8,33.514856,100,0.33514856,Max Muncy,571970,0.30102877697841723,8
2026,2026-09-22 17:00:00 PDT,9,34.324856,100,0.34324856,Max Muncy,571970,0.30102877697841723,9
2026,2026-09-21 17:00:00 PDT,10,34.725856,100,0.34725856,Max Muncy,571970,0.30102877697841723,10
2026,2026-09-21 17:00:00 PDT,11,34.910236,100,0.34910236,Max Muncy,571970,0.30102877697841723,11
2026,2026-09-21 17:00:00 PDT,12,35.608616,100,0.35608616,Max Muncy,571970,0.30102877697841723,12
2026,2026-09-21 17:00:00 PDT,13,35.079616,100,0.35079616,Max Muncy,571970,0.30102877697841723,13
2026,2026-09-19 17:00:00 PDT,14,35.009616,100,0.35009616,Max Muncy,571970,0.30102877697841723,14
2026,2026-09-19 17:00:00 PDT,15,34.875616,100,0.34875616,Max Muncy,571970,0.30102877697841723,15
2026,2026-09-19 17:00:00 PDT,16,34.779616,100,0.34779616,Max Muncy,571970,0.30102877697841723,16
2026,2026-09-19 17:00:00 PDT,17,35.527616,100,0.35527616,Max Muncy,571970,0.30102877697841723,17
2026,2026-09-18 17:00:00 PDT,18,35.698616,100,0.35698616,Max Muncy,571970,0.30102877697841723,18
2026,2026-09-18 17:00:00 PDT,19,35.300616,100,0.35300616,Max Muncy,571970,0.30102877697841723,19
2026,2026-09-18 17:00:00 PDT,20,35.268616,100,0.35268616,Max Muncy,571970,0.30102877697841723,20
2026,2026-09-18 17:00:00 PDT,21,35.217616,100,0.35217616,Max Muncy,571970,0.30102877697841723,21
2026,2026-09-18 17:00:00 PDT,22,35.179616,100,0.35179616,Max Muncy,571970,0.30102877697841723,22
2026,2026-09-17 17:00:00 PDT,23,35.189616,100,0.35189616,Max Muncy,571970,0.30102877697841723,23
2026,2026-09-17 17:00:00 PDT,24,33.397616,100,0.33397616,Max Muncy,571970,0.30102877697841723,24
2026,2026-09-16 17:00:00 PDT,25,35.153616,100,0.35153616,Max Muncy,571970,0.30102877697841723,25
2026,2026-09-16 17:00:00 PDT,26,35.608996,100,0.35608996,Max Muncy,571970,0.30102877697841723,26
2026,2026-09-16 17:00:00 PDT,27,35.719996,100,0.35719996,Max Muncy,571970,0.30102877697841723,27
2026,2026-09-16 17:00:00 PDT,28,36.062996,100,0.36062996,Max Muncy,571970,0.30102877697841723,28
2026,2026-09-16 17:00:00 PDT,29,35.162996,100,0.35162996,Max Muncy,571970,0.30102877697841723,29
2026,2026-09-15 17:00:00 PDT,30,35.132024,100,0.35132024,Max Muncy,571970,0.30102877697841723,30
2026,2026-09-15 17:00:00 PDT,31,35.134024,100,0.35134024,Max Muncy,571970,0.30102877697841723,31
2026,2026-09-14 17:00:00 PDT,32,35.134024,100,0.35134024,Max Muncy,571970,0.30102877697841723,32
2026,2026-09-14 17:00:00 PDT,33,34.987024,100,0.34987024,Max Muncy,571970,0.30102877697841723,33
2026,2026-09-14 17:00:00 PDT,34,36.361024,100,0.36361024,Max Muncy,571970,0.30102877697841723,34
2026,2026-09-14 17:00:00 PDT,35,36.361024,100,0.36361024,Max Muncy,571970,0.30102877697841723,35
2026,2026-09-13 17:00:00 PDT,36,35.736672,100,0.35736672,Max Muncy,571970,0.30102877697841723,36
2026,2026-09-13 17:00:00 PDT,37,35.736672,100,0.35736672,Max Muncy,571970,0.30102877697841723,37
2026,2026-09-13 17:00:00 PDT,38,37.353672,100,0.37353672,Max Muncy,571970,0.30102877697841723,38
2026,2026-09-13 17:00:00 PDT,39,37.441672,100,0.37441672,Max Muncy,571970,0.30102877697841723,39
2026,2026-09-12 17:00:00 PDT,40,37.542672,100,0.37542672,Max Muncy,571970,0.30102877697841723,40
2026,2026-09-12 17:00:00 PDT,41,36.81632,100,0.3681632,Max Muncy,571970,0.30102877697841723,41
2026,2026-09-12 17:00:00 PDT,42,36.63432,100,0.3663432,Max Muncy,571970,0.30102877697841723,42
2026,2026-09-12 17:00:00 PDT,43,37.363672,100,0.37363672,Max Muncy,571970,0.30102877697841723,43
2026,2026-09-12 17:00:00 PDT,44,37.538672,100,0.37538672,Max Muncy,571970,0.30102877697841723,44
2026,2026-09-11 17:00:00 PDT,45,37.854672,100,0.37854672,Max Muncy,571970,0.30102877697841723,45
2026,2026-09-11 17:00:00 PDT,46,37.915672,100,0.37915672,Max Muncy,571970,0.30102877697841723,46
2026,2026-09-11 17:00:00 PDT,47,37.915672,100,0.37915672,Max Muncy,571970,0.30102877697841723,47
2026,2026-09-11 17:00:00 PDT,48,38.530672,100,0.38530672,Max Muncy,571970,0.30102877697841723,48
2026,2026-09-10 17:00:00 PDT,49,37.174672,100,0.37174672,Max Muncy,571970,0.30102877697841723,49
2026,2026-09-10 17:00:00 PDT,50,36.999672,100,0.36999672,Max Muncy,571970,0.30102877697841723,50
2026,2026-09-10 17:00:00 PDT,51,36.823672,100,0.36823672,Max Muncy,571970,0.30102877697841723,51
2026,2026-09-10 17:00:00 PDT,52,36.193672,100,0.36193672,Max Muncy,571970,0.30102877697841723,52
2026,2026-09-10 17:00:00 PDT,53,36.289052,100,0.36289052,Max Muncy,571970,0.30102877697841723,53
2026,2026-09-08 17:00:00 PDT,54,35.632672,100,0.35632672,Max Muncy,571970,0.30102877697841723,54
2026,2026-09-08 17:00:00 PDT,55,35.632672,100,0.35632672,Max Muncy,571970,0.30102877697841723,55
2026,2026-09-08 17:00:00 PDT,56,34.804672,100,0.34804672,Max Muncy,571970,0.30102877697841723,56
2026,2026-09-08 17:00:00 PDT,57,34.804672,100,0.34804672,Max Muncy,571970,0.30102877697841723,57
2026,2026-09-08 17:00:00 PDT,58,34.948672,100,0.34948672,Max Muncy,571970,0.30102877697841723,58
2026,2026-09-07 17:00:00 PDT,59,35.646672,100,0.35646672,Max Muncy,571970,0.30102877697841723,59
2026,2026-09-07 17:00:00 PDT,60,36.517672,100,0.36517672,Max Muncy,571970,0.30102877697841723,60
2026,2026-09-07 17:00:00 PDT,61,36.154672,100,0.36154672,Max Muncy,571970,0.30102877697841723,61
2026,2026-09-07 17:00:00 PDT,62,36.154672,100,0.36154672,Max Muncy,571970,0.30102877697841723,62
2026,2026-09-06 17:00:00 PDT,63,35.539672,100,0.35539672,Max Muncy,571970,0.30102877697841723,63
2026,2026-09-06 17:00:00 PDT,64,34.644672,100,0.34644672,Max Muncy,571970,0.30102877697841723,64
2026,2026-09-06 17:00:00 PDT,65,33.946292,100,0.33946292,Max Muncy,571970,0.30102877697841723,65
2026,2026-09-06 17:00:00 PDT,66,34.631672,100,0.34631672,Max Muncy,571970,0.30102877697841723,66
2026,2026-09-05 17:00:00 PDT,67,33.936292,100,0.33936292,Max Muncy,571970,0.30102877697841723,67
2026,2026-09-05 17:00:00 PDT,68,34.323292,100,0.34323292,Max Muncy,571970,0.30102877697841723,68
2026,2026-09-05 17:00:00 PDT,69,34.059292,100,0.34059292,Max Muncy,571970,0.30102877697841723,69
2026,2026-09-05 17:00:00 PDT,70,33.878292,100,0.33878292,Max Muncy,571970,0.30102877697841723,70
2026,2026-09-03 17:00:00 PDT,71,33.076292,100,0.33076292,Max Muncy,571970,0.30102877697841723,71
2026,2026-09-03 17:00:00 PDT,72,33.076292,100,0.33076292,Max Muncy,571970,0.30102877697841723,72
2026,2026-09-03 17:00:00 PDT,73,33.010292,100,0.33010292,Max Muncy,571970,0.30102877697841723,73
2026,2026-09-03 17:00:00 PDT,74,32.668912,100,0.32668912,Max Muncy,571970,0.30102877697841723,74
2026,2026-09-02 17:00:00 PDT,75,32.723912,100,0.32723912,Max Muncy,571970,0.30102877697841723,75
2026,2026-09-02 17:00:00 PDT,76,32.037532,100,0.32037532,Max Muncy,571970,0.30102877697841723,76
2026,2026-09-01 17:00:00 PDT,77,31.970532,100,0.31970532,Max Muncy,571970,0.30102877697841723,77
2026,2026-09-01 17:00:00 PDT,78,31.212532,100,0.31212532,Max Muncy,571970,0.30102877697841723,78
2026,2026-09-01 17:00:00 PDT,79,31.212532,100,0.31212532,Max Muncy,571970,0.30102877697841723,79
2026,2026-09-01 17:00:00 PDT,80,31.669532,100,0.31669532,Max Muncy,571970,0.30102877697841723,80
2026,2026-08-31 17:00:00 PDT,81,31.127152,100,0.31127152,Max Muncy,571970,0.30102877697841723,81
2026,2026-08-31 17:00:00 PDT,82,31.470152,100,0.31470152,Max Muncy,571970,0.30102877697841723,82
2026,2026-08-31 17:00:00 PDT,83,31.470152,100,0.31470152,Max Muncy,571970,0.30102877697841723,83
2026,2026-08-29 17:00:00 PDT,84,31.558532,100,0.31558532,Max Muncy,571970,0.30102877697841723,84
2026,2026-08-28 17:00:00 PDT,85,31.706532,100,0.31706532,Max Muncy,571970,0.30102877697841723,85
2026,2026-08-28 17:00:00 PDT,86,33.702532,100,0.33702532,Max Muncy,571970,0.30102877697841723,86
2026,2026-08-28 17:00:00 PDT,87,33.134152,100,0.33134152,Max Muncy,571970,0.30102877697841723,87
2026,2026-08-28 17:00:00 PDT,88,32.770152,100,0.32770152,Max Muncy,571970,0.30102877697841723,88
2026,2026-08-27 17:00:00 PDT,89,32.792152,100,0.32792152,Max Muncy,571970,0.30102877697841723,89
2026,2026-08-27 17:00:00 PDT,90,32.778152,100,0.32778152,Max Muncy,571970,0.30102877697841723,90
2026,2026-08-27 17:00:00 PDT,91,32.919152,100,0.32919152,Max Muncy,571970,0.30102877697841723,91
2026,2026-08-27 17:00:00 PDT,92,33.617532,100,0.33617532,Max Muncy,571970,0.30102877697841723,92
2026,2026-08-27 17:00:00 PDT,93,32.754532,100,0.32754532,Max Muncy,571970,0.30102877697841723,93
2026,2026-08-25 17:00:00 PDT,94,32.056152,100,0.32056152,Max Muncy,571970,0.30102877697841723,94
2026,2026-08-25 17:00:00 PDT,95,32.056152,100,0.32056152,Max Muncy,571970,0.30102877697841723,95
2026,2026-08-25 17:00:00 PDT,96,31.357772,100,0.31357772,Max Muncy,571970,0.30102877697841723,96
2026,2026-08-25 17:00:00 PDT,97,31.217772,100,0.31217772,Max Muncy,571970,0.30102877697841723,97
2026,2026-08-25 17:00:00 PDT,98,31.208772,100,0.31208772,Max Muncy,571970,0.30102877697841723,98
2026,2026-08-24 17:00:00 PDT,99,31.861772,100,0.31861772,Max Muncy,571970,0.30102877697841723,99
2026,2026-08-24 17:00:00 PDT,100,31.866772,100,0.31866772,Max Muncy,571970,0.30102877697841723,100
2026,2026-09-25 17:00:00 PDT,1,27.628688,100,0.27628688,Tommy Edman,669242,0.30102877697841723,1
2026,2026-09-25 17:00:00 PDT,2,27.621688,100,0.27621688,Tommy Edman,669242,0.30102877697841723,2
2026,2026-09-25 17:00:00 PDT,3,27.518688,100,0.27518688,Tommy Edman,669242,0.30102877697841723,3
2026,2026-09-25 17:00:00 PDT,4,26.663688,100,0.26663688,Tommy Edman,669242,0.30102877697841723,4
2026,2026-09-23 17:00:00 PDT,5,26.661688,100,0.26661688,Tommy Edman,669242,0.30102877697841723,5
2026,2026-09-23 17:00:00 PDT,6,27.391040,100,0.2739104,Tommy Edman,669242,0.30102877697841723,6
2026,2026-09-23 17:00:00 PDT,7,27.327040,100,0.2732704,Tommy Edman,669242,0.30102877697841723,7
2026,2026-09-23 17:00:00 PDT,8,27.707040,100,0.2770704,Tommy Edman,669242,0.30102877697841723,8
2026,2026-09-22 17:00:00 PDT,9,27.781040,100,0.2778104,Tommy Edman,669242,0.30102877697841723,9
2026,2026-09-22 17:00:00 PDT,10,28.167392,100,0.28167392,Tommy Edman,669242,0.30102877697841723,10
2026,2026-09-22 17:00:00 PDT,11,28.167392,100,0.28167392,Tommy Edman,669242,0.30102877697841723,11
2026,2026-09-22 17:00:00 PDT,12,27.774392,100,0.27774392,Tommy Edman,669242,0.30102877697841723,12
2026,2026-09-21 17:00:00 PDT,13,27.711392,100,0.27711392,Tommy Edman,669242,0.30102877697841723,13
2026,2026-09-21 17:00:00 PDT,14,27.711392,100,0.27711392,Tommy Edman,669242,0.30102877697841723,14
2026,2026-09-21 17:00:00 PDT,15,27.525772,100,0.27525772,Tommy Edman,669242,0.30102877697841723,15
2026,2026-09-21 17:00:00 PDT,16,27.517772,100,0.27517772,Tommy Edman,669242,0.30102877697841723,16
2026,2026-09-19 17:00:00 PDT,17,27.890392,100,0.27890392,Tommy Edman,669242,0.30102877697841723,17
2026,2026-09-19 17:00:00 PDT,18,28.340392,100,0.28340392,Tommy Edman,669242,0.30102877697841723,18
2026,2026-09-19 17:00:00 PDT,19,26.891392,100,0.26891392,Tommy Edman,669242,0.30102877697841723,19
2026,2026-09-19 17:00:00 PDT,20,26.891392,100,0.26891392,Tommy Edman,669242,0.30102877697841723,20
2026,2026-09-18 17:00:00 PDT,21,27.614744,100,0.27614744,Tommy Edman,669242,0.30102877697841723,21
2026,2026-09-18 17:00:00 PDT,22,27.710744,100,0.27710744,Tommy Edman,669242,0.30102877697841723,22
2026,2026-09-18 17:00:00 PDT,23,26.919744,100,0.26919744,Tommy Edman,669242,0.30102877697841723,23
2026,2026-09-18 17:00:00 PDT,24,27.618124,100,0.27618124,Tommy Edman,669242,0.30102877697841723,24
2026,2026-09-17 17:00:00 PDT,25,27.624124,100,0.27624124,Tommy Edman,669242,0.30102877697841723,25
2026,2026-09-17 17:00:00 PDT,26,28.353476,100,0.28353476,Tommy Edman,669242,0.30102877697841723,26
2026,2026-09-16 17:00:00 PDT,27,28.365476,100,0.28365476,Tommy Edman,669242,0.30102877697841723,27
2026,2026-09-16 17:00:00 PDT,28,29.052476,100,0.29052476,Tommy Edman,669242,0.30102877697841723,28
2026,2026-09-16 17:00:00 PDT,29,29.053476,100,0.29053476,Tommy Edman,669242,0.30102877697841723,29
2026,2026-09-16 17:00:00 PDT,30,29.751856,100,0.29751856,Tommy Edman,669242,0.30102877697841723,30
2026,2026-09-16 17:00:00 PDT,31,29.022504,100,0.29022504,Tommy Edman,669242,0.30102877697841723,31
2026,2026-09-15 17:00:00 PDT,32,29.628504,100,0.29628504,Tommy Edman,669242,0.30102877697841723,32
2026,2026-09-15 17:00:00 PDT,33,29.628504,100,0.29628504,Tommy Edman,669242,0.30102877697841723,33
2026,2026-09-15 17:00:00 PDT,34,30.002504,100,0.30002504,Tommy Edman,669242,0.30102877697841723,34
2026,2026-09-15 17:00:00 PDT,35,29.304124,100,0.29304124,Tommy Edman,669242,0.30102877697841723,35
2026,2026-09-15 17:00:00 PDT,36,29.237124,100,0.29237124,Tommy Edman,669242,0.30102877697841723,36
2026,2026-09-14 17:00:00 PDT,37,29.804124,100,0.29804124,Tommy Edman,669242,0.30102877697841723,37
2026,2026-09-14 17:00:00 PDT,38,29.850124,100,0.29850124,Tommy Edman,669242,0.30102877697841723,38
2026,2026-09-14 17:00:00 PDT,39,30.544124,100,0.30544124,Tommy Edman,669242,0.30102877697841723,39
2026,2026-09-14 17:00:00 PDT,40,29.847772,100,0.29847772,Tommy Edman,669242,0.30102877697841723,40
2026,2026-09-13 17:00:00 PDT,41,30.081124,100,0.30081124,Tommy Edman,669242,0.30102877697841723,41
2026,2026-09-13 17:00:00 PDT,42,29.979124,100,0.29979124,Tommy Edman,669242,0.30102877697841723,42
2026,2026-09-13 17:00:00 PDT,43,30.231124,100,0.30231124,Tommy Edman,669242,0.30102877697841723,43
2026,2026-09-13 17:00:00 PDT,44,30.636124,100,0.30636124,Tommy Edman,669242,0.30102877697841723,44
2026,2026-09-12 17:00:00 PDT,45,30.473124,100,0.30473124,Tommy Edman,669242,0.30102877697841723,45
2026,2026-09-11 17:00:00 PDT,46,30.325124,100,0.30325124,Tommy Edman,669242,0.30102877697841723,46
2026,2026-09-11 17:00:00 PDT,47,30.257124,100,0.30257124,Tommy Edman,669242,0.30102877697841723,47
2026,2026-09-11 17:00:00 PDT,48,30.483124,100,0.30483124,Tommy Edman,669242,0.30102877697841723,48
2026,2026-09-11 17:00:00 PDT,49,31.181504,100,0.31181504,Tommy Edman,669242,0.30102877697841723,49
2026,2026-09-10 17:00:00 PDT,50,31.129504,100,0.31129504,Tommy Edman,669242,0.30102877697841723,50
2026,2026-09-10 17:00:00 PDT,51,30.450124,100,0.30450124,Tommy Edman,669242,0.30102877697841723,51
2026,2026-09-10 17:00:00 PDT,52,30.473124,100,0.30473124,Tommy Edman,669242,0.30102877697841723,52
2026,2026-09-10 17:00:00 PDT,53,29.774744,100,0.29774744,Tommy Edman,669242,0.30102877697841723,53
2026,2026-09-08 17:00:00 PDT,54,30.968744,100,0.30968744,Tommy Edman,669242,0.30102877697841723,54
2026,2026-09-08 17:00:00 PDT,55,31.137744,100,0.31137744,Tommy Edman,669242,0.30102877697841723,55
2026,2026-09-08 17:00:00 PDT,56,31.003744,100,0.31003744,Tommy Edman,669242,0.30102877697841723,56
2026,2026-09-08 17:00:00 PDT,57,31.003744,100,0.31003744,Tommy Edman,669242,0.30102877697841723,57
2026,2026-09-07 17:00:00 PDT,58,31.003744,100,0.31003744,Tommy Edman,669242,0.30102877697841723,58
2026,2026-09-07 17:00:00 PDT,59,31.001744,100,0.31001744,Tommy Edman,669242,0.30102877697841723,59
2026,2026-09-07 17:00:00 PDT,60,30.953744,100,0.30953744,Tommy Edman,669242,0.30102877697841723,60
2026,2026-09-07 17:00:00 PDT,61,30.242392,100,0.30242392,Tommy Edman,669242,0.30102877697841723,61
2026,2026-09-06 17:00:00 PDT,62,30.416392,100,0.30416392,Tommy Edman,669242,0.30102877697841723,62
2026,2026-09-06 17:00:00 PDT,63,30.339392,100,0.30339392,Tommy Edman,669242,0.30102877697841723,63
2026,2026-09-06 17:00:00 PDT,64,29.859392,100,0.29859392,Tommy Edman,669242,0.30102877697841723,64
2026,2026-09-06 17:00:00 PDT,65,29.959392,100,0.29959392,Tommy Edman,669242,0.30102877697841723,65
2026,2026-09-05 17:00:00 PDT,66,29.863392,100,0.29863392,Tommy Edman,669242,0.30102877697841723,66
2026,2026-09-05 17:00:00 PDT,67,29.265012,100,0.29265012,Tommy Edman,669242,0.30102877697841723,67
2026,2026-09-05 17:00:00 PDT,68,29.310012,100,0.29310012,Tommy Edman,669242,0.30102877697841723,68
2026,2026-09-05 17:00:00 PDT,69,28.683012,100,0.28683012,Tommy Edman,669242,0.30102877697841723,69
2026,2026-09-05 17:00:00 PDT,70,28.579012,100,0.28579012,Tommy Edman,669242,0.30102877697841723,70
2026,2026-09-04 17:00:00 PDT,71,28.579012,100,0.28579012,Tommy Edman,669242,0.30102877697841723,71
2026,2026-09-04 17:00:00 PDT,72,28.415012,100,0.28415012,Tommy Edman,669242,0.30102877697841723,72
2026,2026-09-04 17:00:00 PDT,73,28.199012,100,0.28199012,Tommy Edman,669242,0.30102877697841723,73
2026,2026-09-04 17:00:00 PDT,74,28.199012,100,0.28199012,Tommy Edman,669242,0.30102877697841723,74
2026,2026-09-03 17:00:00 PDT,75,28.261012,100,0.28261012,Tommy Edman,669242,0.30102877697841723,75
2026,2026-09-03 17:00:00 PDT,76,28.391012,100,0.28391012,Tommy Edman,669242,0.30102877697841723,76
2026,2026-09-03 17:00:00 PDT,77,28.485012,100,0.28485012,Tommy Edman,669242,0.30102877697841723,77
2026,2026-09-03 17:00:00 PDT,78,28.485012,100,0.28485012,Tommy Edman,669242,0.30102877697841723,78
2026,2026-09-02 17:00:00 PDT,79,29.164012,100,0.29164012,Tommy Edman,669242,0.30102877697841723,79
2026,2026-09-02 17:00:00 PDT,80,28.645012,100,0.28645012,Tommy Edman,669242,0.30102877697841723,80
2026,2026-09-02 17:00:00 PDT,81,28.894012,100,0.28894012,Tommy Edman,669242,0.30102877697841723,81
2026,2026-09-02 17:00:00 PDT,82,28.036012,100,0.28036012,Tommy Edman,669242,0.30102877697841723,82
2026,2026-09-02 17:00:00 PDT,83,28.121012,100,0.28121012,Tommy Edman,669242,0.30102877697841723,83
2026,2026-09-01 17:00:00 PDT,84,27.624012,100,0.27624012,Tommy Edman,669242,0.30102877697841723,84
2026,2026-09-01 17:00:00 PDT,85,27.495012,100,0.27495012,Tommy Edman,669242,0.30102877697841723,85
2026,2026-09-01 17:00:00 PDT,86,27.419012,100,0.27419012,Tommy Edman,669242,0.30102877697841723,86
2026,2026-09-01 17:00:00 PDT,87,27.244012,100,0.27244012,Tommy Edman,669242,0.30102877697841723,87
2026,2026-09-01 17:00:00 PDT,88,27.687012,100,0.27687012,Tommy Edman,669242,0.30102877697841723,88
2026,2026-09-01 17:00:00 PDT,89,26.942012,100,0.26942012,Tommy Edman,669242,0.30102877697841723,89
2026,2026-08-31 17:00:00 PDT,90,26.220660,100,0.2622066,Tommy Edman,669242,0.30102877697841723,90
2026,2026-08-31 17:00:00 PDT,91,25.849660,100,0.2584966,Tommy Edman,669242,0.30102877697841723,91
2026,2026-08-31 17:00:00 PDT,92,25.809660,100,0.2580966,Tommy Edman,669242,0.30102877697841723,92
2026,2026-08-31 17:00:00 PDT,93,26.322660,100,0.2632266,Tommy Edman,669242,0.30102877697841723,93
2026,2026-08-31 17:00:00 PDT,94,26.137660,100,0.2613766,Tommy Edman,669242,0.30102877697841723,94
2026,2026-08-29 17:00:00 PDT,95,25.826660,100,0.2582666,Tommy Edman,669242,0.30102877697841723,95
2026,2026-08-29 17:00:00 PDT,96,25.528660,100,0.2552866,Tommy Edman,669242,0.30102877697841723,96
2026,2026-08-29 17:00:00 PDT,97,25.511660,100,0.2551166,Tommy Edman,669242,0.30102877697841723,97
2026,2026-08-29 17:00:00 PDT,98,25.169660,100,0.2516966,Tommy Edman,669242,0.30102877697841723,98
2026,2026-08-29 17:00:00 PDT,99,24.957660,100,0.2495766,Tommy Edman,669242,0.30102877697841723,99
2026,2026-08-28 17:00:00 PDT,100,25.578040,100,0.2557804,Tommy Edman,669242,0.30102877697841723,100
2026,2026-09-25 17:00:00 PDT,1,36.54632,100,0.3654632,Kyle Tucker,663656,0.30102877697841723,1
2026,2026-09-25 17:00:00 PDT,2,35.85994,100,0.3585994,Kyle Tucker,663656,0.30102877697841723,2
2026,2026-09-25 17:00:00 PDT,3,36.55832,100,0.3655832,Kyle Tucker,663656,0.30102877697841723,3
2026,2026-09-25 17:00:00 PDT,4,36.43570,100,0.364357,Kyle Tucker,663656,0.30102877697841723,4
2026,2026-09-24 17:00:00 PDT,5,37.08208,100,0.3708208,Kyle Tucker,663656,0.30102877697841723,5
2026,2026-09-24 17:00:00 PDT,6,36.83708,100,0.3683708,Kyle Tucker,663656,0.30102877697841723,6
2026,2026-09-24 17:00:00 PDT,7,37.08608,100,0.3708608,Kyle Tucker,663656,0.30102877697841723,7
2026,2026-09-24 17:00:00 PDT,8,37.34308,100,0.3734308,Kyle Tucker,663656,0.30102877697841723,8
2026,2026-09-23 17:00:00 PDT,9,36.97008,100,0.3697008,Kyle Tucker,663656,0.30102877697841723,9
2026,2026-09-23 17:00:00 PDT,10,37.13408,100,0.3713408,Kyle Tucker,663656,0.30102877697841723,10
2026,2026-09-23 17:00:00 PDT,11,37.12708,100,0.3712708,Kyle Tucker,663656,0.30102877697841723,11
2026,2026-09-23 17:00:00 PDT,12,37.29208,100,0.3729208,Kyle Tucker,663656,0.30102877697841723,12
2026,2026-09-22 17:00:00 PDT,13,37.32808,100,0.3732808,Kyle Tucker,663656,0.30102877697841723,13
2026,2026-09-22 17:00:00 PDT,14,37.32508,100,0.3732508,Kyle Tucker,663656,0.30102877697841723,14
2026,2026-09-22 17:00:00 PDT,15,37.25908,100,0.3725908,Kyle Tucker,663656,0.30102877697841723,15
2026,2026-09-22 17:00:00 PDT,16,37.07308,100,0.3707308,Kyle Tucker,663656,0.30102877697841723,16
2026,2026-09-21 17:00:00 PDT,17,37.22508,100,0.3722508,Kyle Tucker,663656,0.30102877697841723,17
2026,2026-09-21 17:00:00 PDT,18,37.04508,100,0.3704508,Kyle Tucker,663656,0.30102877697841723,18
2026,2026-09-21 17:00:00 PDT,19,37.01708,100,0.3701708,Kyle Tucker,663656,0.30102877697841723,19
2026,2026-09-21 17:00:00 PDT,20,36.82208,100,0.3682208,Kyle Tucker,663656,0.30102877697841723,20
2026,2026-09-19 17:00:00 PDT,21,37.31846,100,0.3731846,Kyle Tucker,663656,0.30102877697841723,21
2026,2026-09-18 17:00:00 PDT,22,37.74446,100,0.3774446,Kyle Tucker,663656,0.30102877697841723,22
2026,2026-09-18 17:00:00 PDT,23,37.80046,100,0.3780046,Kyle Tucker,663656,0.30102877697841723,23
2026,2026-09-18 17:00:00 PDT,24,37.22208,100,0.3722208,Kyle Tucker,663656,0.30102877697841723,24
2026,2026-09-18 17:00:00 PDT,25,37.10108,100,0.3710108,Kyle Tucker,663656,0.30102877697841723,25
2026,2026-09-17 17:00:00 PDT,26,37.15208,100,0.3715208,Kyle Tucker,663656,0.30102877697841723,26
2026,2026-09-17 17:00:00 PDT,27,36.26508,100,0.3626508,Kyle Tucker,663656,0.30102877697841723,27
2026,2026-09-17 17:00:00 PDT,28,35.58270,100,0.355827,Kyle Tucker,663656,0.30102877697841723,28
2026,2026-09-17 17:00:00 PDT,29,35.41208,100,0.3541208,Kyle Tucker,663656,0.30102877697841723,29
2026,2026-09-16 17:00:00 PDT,30,35.69408,100,0.3569408,Kyle Tucker,663656,0.30102877697841723,30
2026,2026-09-16 17:00:00 PDT,31,35.54408,100,0.3554408,Kyle Tucker,663656,0.30102877697841723,31
2026,2026-09-16 17:00:00 PDT,32,35.26508,100,0.3526508,Kyle Tucker,663656,0.30102877697841723,32
2026,2026-09-16 17:00:00 PDT,33,34.77808,100,0.3477808,Kyle Tucker,663656,0.30102877697841723,33
2026,2026-09-16 17:00:00 PDT,34,34.91208,100,0.3491208,Kyle Tucker,663656,0.30102877697841723,34
2026,2026-09-15 17:00:00 PDT,35,34.18408,100,0.3418408,Kyle Tucker,663656,0.30102877697841723,35
2026,2026-09-15 17:00:00 PDT,36,34.11208,100,0.3411208,Kyle Tucker,663656,0.30102877697841723,36
2026,2026-09-15 17:00:00 PDT,37,33.89208,100,0.3389208,Kyle Tucker,663656,0.30102877697841723,37
2026,2026-09-15 17:00:00 PDT,38,34.23408,100,0.3423408,Kyle Tucker,663656,0.30102877697841723,38
2026,2026-09-14 17:00:00 PDT,39,34.00408,100,0.3400408,Kyle Tucker,663656,0.30102877697841723,39
2026,2026-09-14 17:00:00 PDT,40,33.54470,100,0.335447,Kyle Tucker,663656,0.30102877697841723,40
2026,2026-09-14 17:00:00 PDT,41,33.45970,100,0.334597,Kyle Tucker,663656,0.30102877697841723,41
2026,2026-09-14 17:00:00 PDT,42,32.81432,100,0.3281432,Kyle Tucker,663656,0.30102877697841723,42
2026,2026-09-13 17:00:00 PDT,43,32.83732,100,0.3283732,Kyle Tucker,663656,0.30102877697841723,43
2026,2026-09-13 17:00:00 PDT,44,32.14194,100,0.3214194,Kyle Tucker,663656,0.30102877697841723,44
2026,2026-09-13 17:00:00 PDT,45,31.99394,100,0.3199394,Kyle Tucker,663656,0.30102877697841723,45
2026,2026-09-13 17:00:00 PDT,46,31.72356,100,0.3172356,Kyle Tucker,663656,0.30102877697841723,46
2026,2026-09-12 17:00:00 PDT,47,30.21656,100,0.3021656,Kyle Tucker,663656,0.30102877697841723,47
2026,2026-09-12 17:00:00 PDT,48,30.21656,100,0.3021656,Kyle Tucker,663656,0.30102877697841723,48
2026,2026-09-12 17:00:00 PDT,49,30.16556,100,0.3016556,Kyle Tucker,663656,0.30102877697841723,49
2026,2026-09-12 17:00:00 PDT,50,30.15856,100,0.3015856,Kyle Tucker,663656,0.30102877697841723,50
2026,2026-09-12 17:00:00 PDT,51,29.67918,100,0.2967918,Kyle Tucker,663656,0.30102877697841723,51
2026,2026-09-11 17:00:00 PDT,52,29.90218,100,0.2990218,Kyle Tucker,663656,0.30102877697841723,52
2026,2026-09-11 17:00:00 PDT,53,30.03218,100,0.3003218,Kyle Tucker,663656,0.30102877697841723,53
2026,2026-09-11 17:00:00 PDT,54,30.02718,100,0.3002718,Kyle Tucker,663656,0.30102877697841723,54
2026,2026-09-11 17:00:00 PDT,55,30.69456,100,0.3069456,Kyle Tucker,663656,0.30102877697841723,55
2026,2026-09-10 17:00:00 PDT,56,30.70956,100,0.3070956,Kyle Tucker,663656,0.30102877697841723,56
2026,2026-09-10 17:00:00 PDT,57,29.46456,100,0.2946456,Kyle Tucker,663656,0.30102877697841723,57
2026,2026-09-10 17:00:00 PDT,58,28.12256,100,0.2812256,Kyle Tucker,663656,0.30102877697841723,58
2026,2026-09-10 17:00:00 PDT,59,28.41156,100,0.2841156,Kyle Tucker,663656,0.30102877697841723,59
2026,2026-09-08 17:00:00 PDT,60,27.74356,100,0.2774356,Kyle Tucker,663656,0.30102877697841723,60
2026,2026-09-08 17:00:00 PDT,61,27.21956,100,0.2721956,Kyle Tucker,663656,0.30102877697841723,61
2026,2026-09-08 17:00:00 PDT,62,27.60756,100,0.2760756,Kyle Tucker,663656,0.30102877697841723,62
2026,2026-09-08 17:00:00 PDT,63,28.30594,100,0.2830594,Kyle Tucker,663656,0.30102877697841723,63
2026,2026-09-08 17:00:00 PDT,64,27.03894,100,0.2703894,Kyle Tucker,663656,0.30102877697841723,64
2026,2026-09-07 17:00:00 PDT,65,27.28094,100,0.2728094,Kyle Tucker,663656,0.30102877697841723,65
2026,2026-09-06 17:00:00 PDT,66,27.30494,100,0.2730494,Kyle Tucker,663656,0.30102877697841723,66
2026,2026-09-06 17:00:00 PDT,67,27.20994,100,0.2720994,Kyle Tucker,663656,0.30102877697841723,67
2026,2026-09-06 17:00:00 PDT,68,26.62894,100,0.2662894,Kyle Tucker,663656,0.30102877697841723,68
2026,2026-09-06 17:00:00 PDT,69,27.15794,100,0.2715794,Kyle Tucker,663656,0.30102877697841723,69
2026,2026-09-05 17:00:00 PDT,70,27.21994,100,0.2721994,Kyle Tucker,663656,0.30102877697841723,70
2026,2026-09-05 17:00:00 PDT,71,27.36294,100,0.2736294,Kyle Tucker,663656,0.30102877697841723,71
2026,2026-09-05 17:00:00 PDT,72,27.23094,100,0.2723094,Kyle Tucker,663656,0.30102877697841723,72
2026,2026-09-05 17:00:00 PDT,73,27.69794,100,0.2769794,Kyle Tucker,663656,0.30102877697841723,73
2026,2026-09-04 17:00:00 PDT,74,27.58994,100,0.2758994,Kyle Tucker,663656,0.30102877697841723,74
2026,2026-09-04 17:00:00 PDT,75,27.58994,100,0.2758994,Kyle Tucker,663656,0.30102877697841723,75
2026,2026-09-04 17:00:00 PDT,76,27.70094,100,0.2770094,Kyle Tucker,663656,0.30102877697841723,76
2026,2026-09-04 17:00:00 PDT,77,28.31394,100,0.2831394,Kyle Tucker,663656,0.30102877697841723,77
2026,2026-09-03 17:00:00 PDT,78,27.92294,100,0.2792294,Kyle Tucker,663656,0.30102877697841723,78
2026,2026-09-03 17:00:00 PDT,79,26.46894,100,0.2646894,Kyle Tucker,663656,0.30102877697841723,79
2026,2026-09-03 17:00:00 PDT,80,25.93194,100,0.2593194,Kyle Tucker,663656,0.30102877697841723,80
2026,2026-09-02 17:00:00 PDT,81,25.28056,100,0.2528056,Kyle Tucker,663656,0.30102877697841723,81
2026,2026-09-02 17:00:00 PDT,82,25.46418,100,0.2546418,Kyle Tucker,663656,0.30102877697841723,82
2026,2026-09-02 17:00:00 PDT,83,26.00218,100,0.2600218,Kyle Tucker,663656,0.30102877697841723,83
2026,2026-09-02 17:00:00 PDT,84,26.52618,100,0.2652618,Kyle Tucker,663656,0.30102877697841723,84
2026,2026-09-01 17:00:00 PDT,85,27.28418,100,0.2728418,Kyle Tucker,663656,0.30102877697841723,85
2026,2026-09-01 17:00:00 PDT,86,27.65056,100,0.2765056,Kyle Tucker,663656,0.30102877697841723,86
2026,2026-09-01 17:00:00 PDT,87,27.58156,100,0.2758156,Kyle Tucker,663656,0.30102877697841723,87
2026,2026-09-01 17:00:00 PDT,88,27.53694,100,0.2753694,Kyle Tucker,663656,0.30102877697841723,88
2026,2026-09-01 17:00:00 PDT,89,27.46094,100,0.2746094,Kyle Tucker,663656,0.30102877697841723,89
2026,2026-08-31 17:00:00 PDT,90,27.46356,100,0.2746356,Kyle Tucker,663656,0.30102877697841723,90
2026,2026-08-31 17:00:00 PDT,91,27.46056,100,0.2746056,Kyle Tucker,663656,0.30102877697841723,91
2026,2026-08-31 17:00:00 PDT,92,28.30656,100,0.2830656,Kyle Tucker,663656,0.30102877697841723,92
2026,2026-08-31 17:00:00 PDT,93,27.60818,100,0.2760818,Kyle Tucker,663656,0.30102877697841723,93
2026,2026-08-31 17:00:00 PDT,94,28.16656,100,0.2816656,Kyle Tucker,663656,0.30102877697841723,94
2026,2026-08-29 17:00:00 PDT,95,28.26856,100,0.2826856,Kyle Tucker,663656,0.30102877697841723,95
2026,2026-08-29 17:00:00 PDT,96,27.57018,100,0.2757018,Kyle Tucker,663656,0.30102877697841723,96
2026,2026-08-29 17:00:00 PDT,97,27.53918,100,0.2753918,Kyle Tucker,663656,0.30102877697841723,97
2026,2026-08-29 17:00:00 PDT,98,28.00056,100,0.2800056,Kyle Tucker,663656,0.30102877697841723,98
2026,2026-08-28 17:00:00 PDT,99,28.00056,100,0.2800056,Kyle Tucker,663656,0.30102877697841723,99
2026,2026-08-28 17:00:00 PDT,100,28.04256,100,0.2804256,Kyle Tucker,663656,0.30102877697841723,100
2026,2026-09-25 17:00:00 PDT,1,27.58790,100,0.275879,Miguel Rojas,500743,0.30102877697841723,1
2026,2026-09-25 17:00:00 PDT,2,27.17990,100,0.271799,Miguel Rojas,500743,0.30102877697841723,2
2026,2026-09-25 17:00:00 PDT,3,27.17690,100,0.271769,Miguel Rojas,500743,0.30102877697841723,3
2026,2026-09-25 17:00:00 PDT,4,27.09390,100,0.270939,Miguel Rojas,500743,0.30102877697841723,4
2026,2026-09-23 17:00:00 PDT,5,26.48452,100,0.2648452,Miguel Rojas,500743,0.30102877697841723,5
2026,2026-09-22 17:00:00 PDT,6,26.79452,100,0.2679452,Miguel Rojas,500743,0.30102877697841723,6
2026,2026-09-19 17:00:00 PDT,7,26.82952,100,0.2682952,Miguel Rojas,500743,0.30102877697841723,7
2026,2026-09-19 17:00:00 PDT,8,26.76652,100,0.2676652,Miguel Rojas,500743,0.30102877697841723,8
2026,2026-09-19 17:00:00 PDT,9,27.52452,100,0.2752452,Miguel Rojas,500743,0.30102877697841723,9
2026,2026-09-18 17:00:00 PDT,10,27.86452,100,0.2786452,Miguel Rojas,500743,0.30102877697841723,10
2026,2026-09-18 17:00:00 PDT,11,27.55452,100,0.2755452,Miguel Rojas,500743,0.30102877697841723,11
2026,2026-09-17 17:00:00 PDT,12,27.01952,100,0.2701952,Miguel Rojas,500743,0.30102877697841723,12
2026,2026-09-17 17:00:00 PDT,13,28.28852,100,0.2828852,Miguel Rojas,500743,0.30102877697841723,13
2026,2026-09-16 17:00:00 PDT,14,28.31552,100,0.2831552,Miguel Rojas,500743,0.30102877697841723,14
2026,2026-09-16 17:00:00 PDT,15,27.48290,100,0.274829,Miguel Rojas,500743,0.30102877697841723,15
2026,2026-09-16 17:00:00 PDT,16,27.74490,100,0.277449,Miguel Rojas,500743,0.30102877697841723,16
2026,2026-09-16 17:00:00 PDT,17,28.29290,100,0.282929,Miguel Rojas,500743,0.30102877697841723,17
2026,2026-09-16 17:00:00 PDT,18,28.04590,100,0.280459,Miguel Rojas,500743,0.30102877697841723,18
2026,2026-09-15 17:00:00 PDT,19,27.63390,100,0.276339,Miguel Rojas,500743,0.30102877697841723,19
2026,2026-09-15 17:00:00 PDT,20,26.99752,100,0.2699752,Miguel Rojas,500743,0.30102877697841723,20
2026,2026-09-13 17:00:00 PDT,21,27.36352,100,0.2736352,Miguel Rojas,500743,0.30102877697841723,21
2026,2026-09-13 17:00:00 PDT,22,27.62952,100,0.2762952,Miguel Rojas,500743,0.30102877697841723,22
2026,2026-09-13 17:00:00 PDT,23,27.57352,100,0.2757352,Miguel Rojas,500743,0.30102877697841723,23
2026,2026-09-12 17:00:00 PDT,24,28.12452,100,0.2812452,Miguel Rojas,500743,0.30102877697841723,24
2026,2026-09-12 17:00:00 PDT,25,28.08352,100,0.2808352,Miguel Rojas,500743,0.30102877697841723,25
2026,2026-09-12 17:00:00 PDT,26,28.19852,100,0.2819852,Miguel Rojas,500743,0.30102877697841723,26
2026,2026-09-10 17:00:00 PDT,27,28.64852,100,0.2864852,Miguel Rojas,500743,0.30102877697841723,27
2026,2026-09-08 17:00:00 PDT,28,28.49452,100,0.2849452,Miguel Rojas,500743,0.30102877697841723,28
2026,2026-09-07 17:00:00 PDT,29,28.64652,100,0.2864652,Miguel Rojas,500743,0.30102877697841723,29
2026,2026-09-07 17:00:00 PDT,30,28.92952,100,0.2892952,Miguel Rojas,500743,0.30102877697841723,30
2026,2026-09-06 17:00:00 PDT,31,29.61790,100,0.296179,Miguel Rojas,500743,0.30102877697841723,31
2026,2026-09-06 17:00:00 PDT,32,29.62590,100,0.296259,Miguel Rojas,500743,0.30102877697841723,32
2026,2026-09-05 17:00:00 PDT,33,30.73590,100,0.307359,Miguel Rojas,500743,0.30102877697841723,33
2026,2026-09-05 17:00:00 PDT,34,31.14490,100,0.311449,Miguel Rojas,500743,0.30102877697841723,34
2026,2026-09-03 17:00:00 PDT,35,31.48190,100,0.314819,Miguel Rojas,500743,0.30102877697841723,35
2026,2026-09-03 17:00:00 PDT,36,32.37090,100,0.323709,Miguel Rojas,500743,0.30102877697841723,36
2026,2026-09-03 17:00:00 PDT,37,31.89390,100,0.318939,Miguel Rojas,500743,0.30102877697841723,37
2026,2026-09-02 17:00:00 PDT,38,31.83590,100,0.318359,Miguel Rojas,500743,0.30102877697841723,38
2026,2026-09-02 17:00:00 PDT,39,31.68690,100,0.316869,Miguel Rojas,500743,0.30102877697841723,39
2026,2026-09-01 17:00:00 PDT,40,32.37928,100,0.3237928,Miguel Rojas,500743,0.30102877697841723,40
2026,2026-09-01 17:00:00 PDT,41,32.97928,100,0.3297928,Miguel Rojas,500743,0.30102877697841723,41
2026,2026-09-01 17:00:00 PDT,42,32.97928,100,0.3297928,Miguel Rojas,500743,0.30102877697841723,42
2026,2026-08-29 17:00:00 PDT,43,33.62466,100,0.3362466,Miguel Rojas,500743,0.30102877697841723,43
2026,2026-08-29 17:00:00 PDT,44,33.79666,100,0.3379666,Miguel Rojas,500743,0.30102877697841723,44
2026,2026-08-29 17:00:00 PDT,45,33.88066,100,0.3388066,Miguel Rojas,500743,0.30102877697841723,45
2026,2026-08-28 17:00:00 PDT,46,33.70066,100,0.3370066,Miguel Rojas,500743,0.30102877697841723,46
2026,2026-08-27 17:00:00 PDT,47,33.73066,100,0.3373066,Miguel Rojas,500743,0.30102877697841723,47
2026,2026-08-26 17:00:00 PDT,48,33.14066,100,0.3314066,Miguel Rojas,500743,0.30102877697841723,48
2026,2026-08-26 17:00:00 PDT,49,33.10166,100,0.3310166,Miguel Rojas,500743,0.30102877697841723,49
2026,2026-08-26 17:00:00 PDT,50,32.89566,100,0.3289566,Miguel Rojas,500743,0.30102877697841723,50
2026,2026-08-26 17:00:00 PDT,51,32.73066,100,0.3273066,Miguel Rojas,500743,0.30102877697841723,51
2026,2026-08-24 17:00:00 PDT,52,32.88266,100,0.3288266,Miguel Rojas,500743,0.30102877697841723,52
2026,2026-08-18 17:00:00 PDT,53,32.95166,100,0.3295166,Miguel Rojas,500743,0.30102877697841723,53
2026,2026-08-18 17:00:00 PDT,54,32.12666,100,0.3212666,Miguel Rojas,500743,0.30102877697841723,54
2026,2026-08-18 17:00:00 PDT,55,32.81704,100,0.3281704,Miguel Rojas,500743,0.30102877697841723,55
2026,2026-08-18 17:00:00 PDT,56,32.84504,100,0.3284504,Miguel Rojas,500743,0.30102877697841723,56
2026,2026-08-18 17:00:00 PDT,57,32.56104,100,0.3256104,Miguel Rojas,500743,0.30102877697841723,57
2026,2026-08-15 17:00:00 PDT,58,33.10504,100,0.3310504,Miguel Rojas,500743,0.30102877697841723,58
2026,2026-08-14 17:00:00 PDT,59,33.50104,100,0.3350104,Miguel Rojas,500743,0.30102877697841723,59
2026,2026-08-12 17:00:00 PDT,60,34.27304,100,0.3427304,Miguel Rojas,500743,0.30102877697841723,60
2026,2026-08-12 17:00:00 PDT,61,33.57466,100,0.3357466,Miguel Rojas,500743,0.30102877697841723,61
2026,2026-08-11 17:00:00 PDT,62,34.126012,100,0.34126012,Miguel Rojas,500743,0.30102877697841723,62
2026,2026-08-11 17:00:00 PDT,63,33.432632,100,0.33432632,Miguel Rojas,500743,0.30102877697841723,63
2026,2026-08-11 17:00:00 PDT,64,33.171632,100,0.33171632,Miguel Rojas,500743,0.30102877697841723,64
2026,2026-08-09 17:00:00 PDT,65,33.160984,100,0.33160984,Miguel Rojas,500743,0.30102877697841723,65
2026,2026-08-09 17:00:00 PDT,66,33.160984,100,0.33160984,Miguel Rojas,500743,0.30102877697841723,66
2026,2026-08-09 17:00:00 PDT,67,33.245364,100,0.33245364,Miguel Rojas,500743,0.30102877697841723,67
2026,2026-08-09 17:00:00 PDT,68,33.300364,100,0.33300364,Miguel Rojas,500743,0.30102877697841723,68
2026,2026-08-08 17:00:00 PDT,69,32.639984,100,0.32639984,Miguel Rojas,500743,0.30102877697841723,69
2026,2026-08-06 17:00:00 PDT,70,32.701984,100,0.32701984,Miguel Rojas,500743,0.30102877697841723,70
2026,2026-08-04 17:00:00 PDT,71,32.001984,100,0.32001984,Miguel Rojas,500743,0.30102877697841723,71
2026,2026-08-04 17:00:00 PDT,72,31.204984,100,0.31204984,Miguel Rojas,500743,0.30102877697841723,72
2026,2026-08-04 17:00:00 PDT,73,31.316984,100,0.31316984,Miguel Rojas,500743,0.30102877697841723,73
2026,2026-08-04 17:00:00 PDT,74,31.529984,100,0.31529984,Miguel Rojas,500743,0.30102877697841723,74
2026,2026-07-31 17:00:00 PDT,75,31.590984,100,0.31590984,Miguel Rojas,500743,0.30102877697841723,75
2026,2026-07-31 17:00:00 PDT,76,31.518984,100,0.31518984,Miguel Rojas,500743,0.30102877697841723,76
2026,2026-07-31 17:00:00 PDT,77,32.351984,100,0.32351984,Miguel Rojas,500743,0.30102877697841723,77
2026,2026-07-30 17:00:00 PDT,78,32.015984,100,0.32015984,Miguel Rojas,500743,0.30102877697841723,78
2026,2026-07-30 17:00:00 PDT,79,32.020984,100,0.32020984,Miguel Rojas,500743,0.30102877697841723,79
2026,2026-07-30 17:00:00 PDT,80,32.057984,100,0.32057984,Miguel Rojas,500743,0.30102877697841723,80
2026,2026-07-30 17:00:00 PDT,81,31.945984,100,0.31945984,Miguel Rojas,500743,0.30102877697841723,81
2026,2026-07-25 17:00:00 PDT,82,32.607984,100,0.32607984,Miguel Rojas,500743,0.30102877697841723,82
2026,2026-07-23 17:00:00 PDT,83,32.433984,100,0.32433984,Miguel Rojas,500743,0.30102877697841723,83
2026,2026-07-23 17:00:00 PDT,84,32.483984,100,0.32483984,Miguel Rojas,500743,0.30102877697841723,84
2026,2026-07-23 17:00:00 PDT,85,32.632984,100,0.32632984,Miguel Rojas,500743,0.30102877697841723,85
2026,2026-07-23 17:00:00 PDT,86,32.617984,100,0.32617984,Miguel Rojas,500743,0.30102877697841723,86
2026,2026-07-20 17:00:00 PDT,87,32.997984,100,0.32997984,Miguel Rojas,500743,0.30102877697841723,87
2026,2026-07-19 17:00:00 PDT,88,33.695984,100,0.33695984,Miguel Rojas,500743,0.30102877697841723,88
2026,2026-07-19 17:00:00 PDT,89,33.901984,100,0.33901984,Miguel Rojas,500743,0.30102877697841723,89
2026,2026-07-19 17:00:00 PDT,90,32.977984,100,0.32977984,Miguel Rojas,500743,0.30102877697841723,90
2026,2026-07-18 17:00:00 PDT,91,33.227984,100,0.33227984,Miguel Rojas,500743,0.30102877697841723,91
2026,2026-07-18 17:00:00 PDT,92,32.584984,100,0.32584984,Miguel Rojas,500743,0.30102877697841723,92
2026,2026-07-09 17:00:00 PDT,93,33.374984,100,0.33374984,Miguel Rojas,500743,0.30102877697841723,93
2026,2026-07-09 17:00:00 PDT,94,32.994984,100,0.32994984,Miguel Rojas,500743,0.30102877697841723,94
2026,2026-07-09 17:00:00 PDT,95,33.684364,100,0.33684364,Miguel Rojas,500743,0.30102877697841723,95
2026,2026-07-09 17:00:00 PDT,96,33.552364,100,0.33552364,Miguel Rojas,500743,0.30102877697841723,96
2026,2026-07-06 17:00:00 PDT,97,33.468364,100,0.33468364,Miguel Rojas,500743,0.30102877697841723,97
2026,2026-07-06 17:00:00 PDT,98,33.337364,100,0.33337364,Miguel Rojas,500743,0.30102877697841723,98
2026,2026-07-06 17:00:00 PDT,99,33.801364,100,0.33801364,Miguel Rojas,500743,0.30102877697841723,99
2026,2026-07-05 17:00:00 PDT,100,33.835364,100,0.33835364,Miguel Rojas,500743,0.30102877697841723,100
2026,2026-09-24 17:00:00 PDT,1,32.877124,100,0.32877124,Freddie Freeman,518692,0.30102877697841723,1
2026,2026-09-24 17:00:00 PDT,2,33.121124,100,0.33121124,Freddie Freeman,518692,0.30102877697841723,2
2026,2026-09-24 17:00:00 PDT,3,33.576124,100,0.33576124,Freddie Freeman,518692,0.30102877697841723,3
2026,2026-09-24 17:00:00 PDT,4,33.100124,100,0.33100124,Freddie Freeman,518692,0.30102877697841723,4
2026,2026-09-23 17:00:00 PDT,5,33.100124,100,0.33100124,Freddie Freeman,518692,0.30102877697841723,5
2026,2026-09-23 17:00:00 PDT,6,32.956124,100,0.32956124,Freddie Freeman,518692,0.30102877697841723,6
2026,2026-09-23 17:00:00 PDT,7,32.156124,100,0.32156124,Freddie Freeman,518692,0.30102877697841723,7
2026,2026-09-23 17:00:00 PDT,8,32.262124,100,0.32262124,Freddie Freeman,518692,0.30102877697841723,8
2026,2026-09-22 17:00:00 PDT,9,32.220124,100,0.32220124,Freddie Freeman,518692,0.30102877697841723,9
2026,2026-09-22 17:00:00 PDT,10,31.499124,100,0.31499124,Freddie Freeman,518692,0.30102877697841723,10
2026,2026-09-22 17:00:00 PDT,11,31.695124,100,0.31695124,Freddie Freeman,518692,0.30102877697841723,11
2026,2026-09-22 17:00:00 PDT,12,31.324124,100,0.31324124,Freddie Freeman,518692,0.30102877697841723,12
2026,2026-09-22 17:00:00 PDT,13,31.858124,100,0.31858124,Freddie Freeman,518692,0.30102877697841723,13
2026,2026-09-21 17:00:00 PDT,14,32.778124,100,0.32778124,Freddie Freeman,518692,0.30102877697841723,14
2026,2026-09-21 17:00:00 PDT,15,32.787124,100,0.32787124,Freddie Freeman,518692,0.30102877697841723,15
2026,2026-09-21 17:00:00 PDT,16,32.625504,100,0.32625504,Freddie Freeman,518692,0.30102877697841723,16
2026,2026-09-21 17:00:00 PDT,17,32.308504,100,0.32308504,Freddie Freeman,518692,0.30102877697841723,17
2026,2026-09-19 17:00:00 PDT,18,32.308504,100,0.32308504,Freddie Freeman,518692,0.30102877697841723,18
2026,2026-09-19 17:00:00 PDT,19,31.933504,100,0.31933504,Freddie Freeman,518692,0.30102877697841723,19
2026,2026-09-19 17:00:00 PDT,20,32.295504,100,0.32295504,Freddie Freeman,518692,0.30102877697841723,20
2026,2026-09-19 17:00:00 PDT,21,32.783504,100,0.32783504,Freddie Freeman,518692,0.30102877697841723,21
2026,2026-09-18 17:00:00 PDT,22,32.783504,100,0.32783504,Freddie Freeman,518692,0.30102877697841723,22
2026,2026-09-18 17:00:00 PDT,23,32.948504,100,0.32948504,Freddie Freeman,518692,0.30102877697841723,23
2026,2026-09-18 17:00:00 PDT,24,33.368504,100,0.33368504,Freddie Freeman,518692,0.30102877697841723,24
2026,2026-09-18 17:00:00 PDT,25,33.216504,100,0.33216504,Freddie Freeman,518692,0.30102877697841723,25
2026,2026-09-18 17:00:00 PDT,26,32.045504,100,0.32045504,Freddie Freeman,518692,0.30102877697841723,26
2026,2026-09-17 17:00:00 PDT,27,31.965504,100,0.31965504,Freddie Freeman,518692,0.30102877697841723,27
2026,2026-09-17 17:00:00 PDT,28,31.978504,100,0.31978504,Freddie Freeman,518692,0.30102877697841723,28
2026,2026-09-17 17:00:00 PDT,29,32.482504,100,0.32482504,Freddie Freeman,518692,0.30102877697841723,29
2026,2026-09-17 17:00:00 PDT,30,32.780504,100,0.32780504,Freddie Freeman,518692,0.30102877697841723,30
2026,2026-09-16 17:00:00 PDT,31,33.478884,100,0.33478884,Freddie Freeman,518692,0.30102877697841723,31
2026,2026-09-16 17:00:00 PDT,32,34.025884,100,0.34025884,Freddie Freeman,518692,0.30102877697841723,32
2026,2026-09-16 17:00:00 PDT,33,34.016884,100,0.34016884,Freddie Freeman,518692,0.30102877697841723,33
2026,2026-09-16 17:00:00 PDT,34,34.032884,100,0.34032884,Freddie Freeman,518692,0.30102877697841723,34
2026,2026-09-16 17:00:00 PDT,35,32.948884,100,0.32948884,Freddie Freeman,518692,0.30102877697841723,35
2026,2026-09-15 17:00:00 PDT,36,33.176504,100,0.33176504,Freddie Freeman,518692,0.30102877697841723,36
2026,2026-09-15 17:00:00 PDT,37,33.251504,100,0.33251504,Freddie Freeman,518692,0.30102877697841723,37
2026,2026-09-15 17:00:00 PDT,38,33.228504,100,0.33228504,Freddie Freeman,518692,0.30102877697841723,38
2026,2026-09-15 17:00:00 PDT,39,33.335504,100,0.33335504,Freddie Freeman,518692,0.30102877697841723,39
2026,2026-09-15 17:00:00 PDT,40,33.812504,100,0.33812504,Freddie Freeman,518692,0.30102877697841723,40
2026,2026-09-14 17:00:00 PDT,41,34.069504,100,0.34069504,Freddie Freeman,518692,0.30102877697841723,41
2026,2026-09-14 17:00:00 PDT,42,33.919504,100,0.33919504,Freddie Freeman,518692,0.30102877697841723,42
2026,2026-09-14 17:00:00 PDT,43,33.477504,100,0.33477504,Freddie Freeman,518692,0.30102877697841723,43
2026,2026-09-14 17:00:00 PDT,44,33.405504,100,0.33405504,Freddie Freeman,518692,0.30102877697841723,44
2026,2026-09-14 17:00:00 PDT,45,33.379504,100,0.33379504,Freddie Freeman,518692,0.30102877697841723,45
2026,2026-09-12 17:00:00 PDT,46,32.722504,100,0.32722504,Freddie Freeman,518692,0.30102877697841723,46
2026,2026-09-12 17:00:00 PDT,47,33.182884,100,0.33182884,Freddie Freeman,518692,0.30102877697841723,47
2026,2026-09-12 17:00:00 PDT,48,33.476884,100,0.33476884,Freddie Freeman,518692,0.30102877697841723,48
2026,2026-09-12 17:00:00 PDT,49,33.113884,100,0.33113884,Freddie Freeman,518692,0.30102877697841723,49
2026,2026-09-12 17:00:00 PDT,50,32.897532,100,0.32897532,Freddie Freeman,518692,0.30102877697841723,50
2026,2026-09-11 17:00:00 PDT,51,33.595912,100,0.33595912,Freddie Freeman,518692,0.30102877697841723,51
2026,2026-09-11 17:00:00 PDT,52,33.525912,100,0.33525912,Freddie Freeman,518692,0.30102877697841723,52
2026,2026-09-11 17:00:00 PDT,53,33.471912,100,0.33471912,Freddie Freeman,518692,0.30102877697841723,53
2026,2026-09-11 17:00:00 PDT,54,32.720912,100,0.32720912,Freddie Freeman,518692,0.30102877697841723,54
2026,2026-09-07 17:00:00 PDT,55,32.361912,100,0.32361912,Freddie Freeman,518692,0.30102877697841723,55
2026,2026-09-07 17:00:00 PDT,56,32.361912,100,0.32361912,Freddie Freeman,518692,0.30102877697841723,56
2026,2026-09-07 17:00:00 PDT,57,32.794912,100,0.32794912,Freddie Freeman,518692,0.30102877697841723,57
2026,2026-09-07 17:00:00 PDT,58,33.655912,100,0.33655912,Freddie Freeman,518692,0.30102877697841723,58
2026,2026-09-06 17:00:00 PDT,59,33.797912,100,0.33797912,Freddie Freeman,518692,0.30102877697841723,59
2026,2026-09-06 17:00:00 PDT,60,33.780912,100,0.33780912,Freddie Freeman,518692,0.30102877697841723,60
2026,2026-09-06 17:00:00 PDT,61,33.535532,100,0.33535532,Freddie Freeman,518692,0.30102877697841723,61
2026,2026-09-06 17:00:00 PDT,62,34.229532,100,0.34229532,Freddie Freeman,518692,0.30102877697841723,62
2026,2026-09-05 17:00:00 PDT,63,34.660532,100,0.34660532,Freddie Freeman,518692,0.30102877697841723,63
2026,2026-09-05 17:00:00 PDT,64,34.714532,100,0.34714532,Freddie Freeman,518692,0.30102877697841723,64
2026,2026-09-05 17:00:00 PDT,65,35.930532,100,0.35930532,Freddie Freeman,518692,0.30102877697841723,65
2026,2026-09-05 17:00:00 PDT,66,35.857532,100,0.35857532,Freddie Freeman,518692,0.30102877697841723,66
2026,2026-09-04 17:00:00 PDT,67,35.845532,100,0.35845532,Freddie Freeman,518692,0.30102877697841723,67
2026,2026-09-04 17:00:00 PDT,68,35.932532,100,0.35932532,Freddie Freeman,518692,0.30102877697841723,68
2026,2026-09-04 17:00:00 PDT,69,36.033532,100,0.36033532,Freddie Freeman,518692,0.30102877697841723,69
2026,2026-09-04 17:00:00 PDT,70,36.061532,100,0.36061532,Freddie Freeman,518692,0.30102877697841723,70
2026,2026-09-02 17:00:00 PDT,71,35.44918,100,0.3544918,Freddie Freeman,518692,0.30102877697841723,71
2026,2026-09-02 17:00:00 PDT,72,35.91718,100,0.3591718,Freddie Freeman,518692,0.30102877697841723,72
2026,2026-09-02 17:00:00 PDT,73,35.92818,100,0.3592818,Freddie Freeman,518692,0.30102877697841723,73
2026,2026-09-02 17:00:00 PDT,74,36.44818,100,0.3644818,Freddie Freeman,518692,0.30102877697841723,74
2026,2026-09-01 17:00:00 PDT,75,36.60018,100,0.3660018,Freddie Freeman,518692,0.30102877697841723,75
2026,2026-09-01 17:00:00 PDT,76,36.80880,100,0.368088,Freddie Freeman,518692,0.30102877697841723,76
2026,2026-09-01 17:00:00 PDT,77,36.69018,100,0.3669018,Freddie Freeman,518692,0.30102877697841723,77
2026,2026-09-01 17:00:00 PDT,78,35.99180,100,0.359918,Freddie Freeman,518692,0.30102877697841723,78
2026,2026-09-01 17:00:00 PDT,79,35.29342,100,0.3529342,Freddie Freeman,518692,0.30102877697841723,79
2026,2026-08-31 17:00:00 PDT,80,34.09242,100,0.3409242,Freddie Freeman,518692,0.30102877697841723,80
2026,2026-08-31 17:00:00 PDT,81,34.12542,100,0.3412542,Freddie Freeman,518692,0.30102877697841723,81
2026,2026-08-31 17:00:00 PDT,82,33.57804,100,0.3357804,Freddie Freeman,518692,0.30102877697841723,82
2026,2026-08-29 17:00:00 PDT,83,33.67704,100,0.3367704,Freddie Freeman,518692,0.30102877697841723,83
2026,2026-08-29 17:00:00 PDT,84,33.02266,100,0.3302266,Freddie Freeman,518692,0.30102877697841723,84
2026,2026-08-29 17:00:00 PDT,85,32.50666,100,0.3250666,Freddie Freeman,518692,0.30102877697841723,85
2026,2026-08-29 17:00:00 PDT,86,31.82066,100,0.3182066,Freddie Freeman,518692,0.30102877697841723,86
2026,2026-08-28 17:00:00 PDT,87,32.05328,100,0.3205328,Freddie Freeman,518692,0.30102877697841723,87
2026,2026-08-28 17:00:00 PDT,88,32.16528,100,0.3216528,Freddie Freeman,518692,0.30102877697841723,88
2026,2026-08-28 17:00:00 PDT,89,31.53028,100,0.3153028,Freddie Freeman,518692,0.30102877697841723,89
2026,2026-08-28 17:00:00 PDT,90,32.42928,100,0.3242928,Freddie Freeman,518692,0.30102877697841723,90
2026,2026-08-27 17:00:00 PDT,91,32.98328,100,0.3298328,Freddie Freeman,518692,0.30102877697841723,91
2026,2026-08-27 17:00:00 PDT,92,32.93528,100,0.3293528,Freddie Freeman,518692,0.30102877697841723,92
2026,2026-08-27 17:00:00 PDT,93,32.40428,100,0.3240428,Freddie Freeman,518692,0.30102877697841723,93
2026,2026-08-27 17:00:00 PDT,94,32.56628,100,0.3256628,Freddie Freeman,518692,0.30102877697841723,94
2026,2026-08-27 17:00:00 PDT,95,31.86790,100,0.318679,Freddie Freeman,518692,0.30102877697841723,95
2026,2026-08-26 17:00:00 PDT,96,32.44790,100,0.324479,Freddie Freeman,518692,0.30102877697841723,96
2026,2026-08-26 17:00:00 PDT,97,31.92490,100,0.319249,Freddie Freeman,518692,0.30102877697841723,97
2026,2026-08-26 17:00:00 PDT,98,31.98890,100,0.319889,Freddie Freeman,518692,0.30102877697841723,98
2026,2026-08-26 17:00:00 PDT,99,31.88090,100,0.318809,Freddie Freeman,518692,0.30102877697841723,99
2026,2026-08-25 17:00:00 PDT,100,31.83590,100,0.318359,Freddie Freeman,518692,0.30102877697841723,100
2026,2026-09-25 17:00:00 PDT,1,35.705124,100,0.35705124,Andy Pages,681624,0.30102877697841723,1
2026,2026-09-25 17:00:00 PDT,2,35.846124,100,0.35846124,Andy Pages,681624,0.30102877697841723,2
2026,2026-09-25 17:00:00 PDT,3,36.729124,100,0.36729124,Andy Pages,681624,0.30102877697841723,3
2026,2026-09-25 17:00:00 PDT,4,36.217744,100,0.36217744,Andy Pages,681624,0.30102877697841723,4
2026,2026-09-24 17:00:00 PDT,5,36.508124,100,0.36508124,Andy Pages,681624,0.30102877697841723,5
2026,2026-09-24 17:00:00 PDT,6,36.388124,100,0.36388124,Andy Pages,681624,0.30102877697841723,6
2026,2026-09-24 17:00:00 PDT,7,36.091124,100,0.36091124,Andy Pages,681624,0.30102877697841723,7
2026,2026-09-23 17:00:00 PDT,8,35.764124,100,0.35764124,Andy Pages,681624,0.30102877697841723,8
2026,2026-09-23 17:00:00 PDT,9,36.621124,100,0.36621124,Andy Pages,681624,0.30102877697841723,9
2026,2026-09-23 17:00:00 PDT,10,36.560124,100,0.36560124,Andy Pages,681624,0.30102877697841723,10
2026,2026-09-23 17:00:00 PDT,11,36.235744,100,0.36235744,Andy Pages,681624,0.30102877697841723,11
2026,2026-09-22 17:00:00 PDT,12,36.523744,100,0.36523744,Andy Pages,681624,0.30102877697841723,12
2026,2026-09-22 17:00:00 PDT,13,36.457744,100,0.36457744,Andy Pages,681624,0.30102877697841723,13
2026,2026-09-22 17:00:00 PDT,14,36.160744,100,0.36160744,Andy Pages,681624,0.30102877697841723,14
2026,2026-09-22 17:00:00 PDT,15,35.937744,100,0.35937744,Andy Pages,681624,0.30102877697841723,15
2026,2026-09-21 17:00:00 PDT,16,35.937744,100,0.35937744,Andy Pages,681624,0.30102877697841723,16
2026,2026-09-21 17:00:00 PDT,17,35.940364,100,0.35940364,Andy Pages,681624,0.30102877697841723,17
2026,2026-09-21 17:00:00 PDT,18,35.533364,100,0.35533364,Andy Pages,681624,0.30102877697841723,18
2026,2026-09-21 17:00:00 PDT,19,35.093364,100,0.35093364,Andy Pages,681624,0.30102877697841723,19
2026,2026-08-20 17:00:00 PDT,20,34.364012,100,0.34364012,Andy Pages,681624,0.30102877697841723,20
2026,2026-08-20 17:00:00 PDT,21,33.64066,100,0.3364066,Andy Pages,681624,0.30102877697841723,21
2026,2026-08-18 17:00:00 PDT,22,34.33904,100,0.3433904,Andy Pages,681624,0.30102877697841723,22
2026,2026-08-18 17:00:00 PDT,23,34.28204,100,0.3428204,Andy Pages,681624,0.30102877697841723,23
2026,2026-08-18 17:00:00 PDT,24,34.03804,100,0.3403804,Andy Pages,681624,0.30102877697841723,24
2026,2026-08-18 17:00:00 PDT,25,33.72504,100,0.3372504,Andy Pages,681624,0.30102877697841723,25
2026,2026-08-18 17:00:00 PDT,26,33.98604,100,0.3398604,Andy Pages,681624,0.30102877697841723,26
2026,2026-08-17 17:00:00 PDT,27,33.96504,100,0.3396504,Andy Pages,681624,0.30102877697841723,27
2026,2026-08-17 17:00:00 PDT,28,33.88404,100,0.3388404,Andy Pages,681624,0.30102877697841723,28
2026,2026-08-17 17:00:00 PDT,29,34.04442,100,0.3404442,Andy Pages,681624,0.30102877697841723,29
2026,2026-08-17 17:00:00 PDT,30,34.58842,100,0.3458842,Andy Pages,681624,0.30102877697841723,30
2026,2026-08-17 17:00:00 PDT,31,35.19380,100,0.351938,Andy Pages,681624,0.30102877697841723,31
2026,2026-08-16 17:00:00 PDT,32,34.58080,100,0.345808,Andy Pages,681624,0.30102877697841723,32
2026,2026-08-16 17:00:00 PDT,33,34.21742,100,0.3421742,Andy Pages,681624,0.30102877697841723,33
2026,2026-08-16 17:00:00 PDT,34,34.62842,100,0.3462842,Andy Pages,681624,0.30102877697841723,34
2026,2026-08-16 17:00:00 PDT,35,33.88542,100,0.3388542,Andy Pages,681624,0.30102877697841723,35
2026,2026-08-16 17:00:00 PDT,36,33.20742,100,0.3320742,Andy Pages,681624,0.30102877697841723,36
2026,2026-08-15 17:00:00 PDT,37,32.90842,100,0.3290842,Andy Pages,681624,0.30102877697841723,37
2026,2026-08-15 17:00:00 PDT,38,32.04842,100,0.3204842,Andy Pages,681624,0.30102877697841723,38
2026,2026-08-15 17:00:00 PDT,39,31.35004,100,0.3135004,Andy Pages,681624,0.30102877697841723,39
2026,2026-08-15 17:00:00 PDT,40,32.08504,100,0.3208504,Andy Pages,681624,0.30102877697841723,40
2026,2026-08-14 17:00:00 PDT,41,32.18304,100,0.3218304,Andy Pages,681624,0.30102877697841723,41
2026,2026-08-14 17:00:00 PDT,42,32.80342,100,0.3280342,Andy Pages,681624,0.30102877697841723,42
2026,2026-08-14 17:00:00 PDT,43,32.72142,100,0.3272142,Andy Pages,681624,0.30102877697841723,43
2026,2026-08-14 17:00:00 PDT,44,33.24842,100,0.3324842,Andy Pages,681624,0.30102877697841723,44
2026,2026-08-13 17:00:00 PDT,45,33.63642,100,0.3363642,Andy Pages,681624,0.30102877697841723,45
2026,2026-08-13 17:00:00 PDT,46,33.63642,100,0.3363642,Andy Pages,681624,0.30102877697841723,46
2026,2026-08-13 17:00:00 PDT,47,33.456772,100,0.33456772,Andy Pages,681624,0.30102877697841723,47
2026,2026-08-13 17:00:00 PDT,48,33.208772,100,0.33208772,Andy Pages,681624,0.30102877697841723,48
2026,2026-08-12 17:00:00 PDT,49,33.421772,100,0.33421772,Andy Pages,681624,0.30102877697841723,49
2026,2026-08-12 17:00:00 PDT,50,33.370772,100,0.33370772,Andy Pages,681624,0.30102877697841723,50
2026,2026-08-12 17:00:00 PDT,51,32.807772,100,0.32807772,Andy Pages,681624,0.30102877697841723,51
2026,2026-08-12 17:00:00 PDT,52,32.556772,100,0.32556772,Andy Pages,681624,0.30102877697841723,52
2026,2026-08-11 17:00:00 PDT,53,32.860772,100,0.32860772,Andy Pages,681624,0.30102877697841723,53
2026,2026-08-11 17:00:00 PDT,54,32.575772,100,0.32575772,Andy Pages,681624,0.30102877697841723,54
2026,2026-08-11 17:00:00 PDT,55,32.472772,100,0.32472772,Andy Pages,681624,0.30102877697841723,55
2026,2026-08-11 17:00:00 PDT,56,31.895772,100,0.31895772,Andy Pages,681624,0.30102877697841723,56
2026,2026-08-10 17:00:00 PDT,57,32.293772,100,0.32293772,Andy Pages,681624,0.30102877697841723,57
2026,2026-08-10 17:00:00 PDT,58,32.417772,100,0.32417772,Andy Pages,681624,0.30102877697841723,58
2026,2026-08-10 17:00:00 PDT,59,31.719392,100,0.31719392,Andy Pages,681624,0.30102877697841723,59
2026,2026-08-10 17:00:00 PDT,60,32.400772,100,0.32400772,Andy Pages,681624,0.30102877697841723,60
2026,2026-08-10 17:00:00 PDT,61,31.746772,100,0.31746772,Andy Pages,681624,0.30102877697841723,61
2026,2026-08-09 17:00:00 PDT,62,31.865152,100,0.31865152,Andy Pages,681624,0.30102877697841723,62
2026,2026-08-09 17:00:00 PDT,63,31.874152,100,0.31874152,Andy Pages,681624,0.30102877697841723,63
2026,2026-08-09 17:00:00 PDT,64,31.214152,100,0.31214152,Andy Pages,681624,0.30102877697841723,64
2026,2026-08-09 17:00:00 PDT,65,32.073152,100,0.32073152,Andy Pages,681624,0.30102877697841723,65
2026,2026-08-08 17:00:00 PDT,66,31.853772,100,0.31853772,Andy Pages,681624,0.30102877697841723,66
2026,2026-08-08 17:00:00 PDT,67,31.749772,100,0.31749772,Andy Pages,681624,0.30102877697841723,67
2026,2026-08-08 17:00:00 PDT,68,31.749772,100,0.31749772,Andy Pages,681624,0.30102877697841723,68
2026,2026-08-08 17:00:00 PDT,69,31.992772,100,0.31992772,Andy Pages,681624,0.30102877697841723,69
2026,2026-08-07 17:00:00 PDT,70,32.709772,100,0.32709772,Andy Pages,681624,0.30102877697841723,70
2026,2026-08-07 17:00:00 PDT,71,34.184772,100,0.34184772,Andy Pages,681624,0.30102877697841723,71
2026,2026-08-07 17:00:00 PDT,72,34.201772,100,0.34201772,Andy Pages,681624,0.30102877697841723,72
2026,2026-08-07 17:00:00 PDT,73,34.189772,100,0.34189772,Andy Pages,681624,0.30102877697841723,73
2026,2026-08-07 17:00:00 PDT,74,34.681152,100,0.34681152,Andy Pages,681624,0.30102877697841723,74
2026,2026-08-06 17:00:00 PDT,75,34.034772,100,0.34034772,Andy Pages,681624,0.30102877697841723,75
2026,2026-08-06 17:00:00 PDT,76,32.531772,100,0.32531772,Andy Pages,681624,0.30102877697841723,76
2026,2026-08-06 17:00:00 PDT,77,31.833392,100,0.31833392,Andy Pages,681624,0.30102877697841723,77
2026,2026-08-06 17:00:00 PDT,78,31.800392,100,0.31800392,Andy Pages,681624,0.30102877697841723,78
2026,2026-08-04 17:00:00 PDT,79,32.062392,100,0.32062392,Andy Pages,681624,0.30102877697841723,79
2026,2026-08-04 17:00:00 PDT,80,32.062392,100,0.32062392,Andy Pages,681624,0.30102877697841723,80
2026,2026-08-04 17:00:00 PDT,81,31.536392,100,0.31536392,Andy Pages,681624,0.30102877697841723,81
2026,2026-08-04 17:00:00 PDT,82,31.108392,100,0.31108392,Andy Pages,681624,0.30102877697841723,82
2026,2026-08-03 17:00:00 PDT,83,31.803772,100,0.31803772,Andy Pages,681624,0.30102877697841723,83
2026,2026-08-03 17:00:00 PDT,84,32.350152,100,0.32350152,Andy Pages,681624,0.30102877697841723,84
2026,2026-08-03 17:00:00 PDT,85,32.633152,100,0.32633152,Andy Pages,681624,0.30102877697841723,85
2026,2026-08-03 17:00:00 PDT,86,32.893152,100,0.32893152,Andy Pages,681624,0.30102877697841723,86
2026,2026-08-02 17:00:00 PDT,87,32.601152,100,0.32601152,Andy Pages,681624,0.30102877697841723,87
2026,2026-08-02 17:00:00 PDT,88,32.946152,100,0.32946152,Andy Pages,681624,0.30102877697841723,88
2026,2026-08-02 17:00:00 PDT,89,32.431152,100,0.32431152,Andy Pages,681624,0.30102877697841723,89
2026,2026-08-02 17:00:00 PDT,90,33.129532,100,0.33129532,Andy Pages,681624,0.30102877697841723,90
2026,2026-08-01 17:00:00 PDT,91,33.093532,100,0.33093532,Andy Pages,681624,0.30102877697841723,91
2026,2026-08-01 17:00:00 PDT,92,33.174532,100,0.33174532,Andy Pages,681624,0.30102877697841723,92
2026,2026-08-01 17:00:00 PDT,93,32.320532,100,0.32320532,Andy Pages,681624,0.30102877697841723,93
2026,2026-08-01 17:00:00 PDT,94,32.615912,100,0.32615912,Andy Pages,681624,0.30102877697841723,94
2026,2026-08-01 17:00:00 PDT,95,32.665912,100,0.32665912,Andy Pages,681624,0.30102877697841723,95
2026,2026-07-31 17:00:00 PDT,96,32.879912,100,0.32879912,Andy Pages,681624,0.30102877697841723,96
2026,2026-07-31 17:00:00 PDT,97,32.887912,100,0.32887912,Andy Pages,681624,0.30102877697841723,97
2026,2026-07-31 17:00:00 PDT,98,32.076912,100,0.32076912,Andy Pages,681624,0.30102877697841723,98
2026,2026-07-31 17:00:00 PDT,99,31.526912,100,0.31526912,Andy Pages,681624,0.30102877697841723,99
2026,2026-07-30 17:00:00 PDT,100,31.117912,100,0.31117912,Andy Pages,681624,0.30102877697841723,100
