year,max_game_date,rn,x_numer,x_denom,xwoba,player_name,player_id,league_avg_xwoba,rn_fwd
2025,2025-09-27 17:00:00 PDT,1,32.204549,100,0.32204549,Teoscar Hernández,606192,0.312015,1
2025,2025-09-27 17:00:00 PDT,2,32.435229,100,0.32435229,Teoscar Hernández,606192,0.312015,2
2025,2025-09-27 17:00:00 PDT,3,33.147698,100,0.33147698,Teoscar Hernández,606192,0.312015,3
2025,2025-09-27 17:00:00 PDT,4,33.530698,100,0.33530698,Teoscar Hernández,606192,0.312015,4
2025,2025-09-25 17:00:00 PDT,5,33.013698,100,0.33013698,Teoscar Hernández,606192,0.312015,5
2025,2025-09-25 17:00:00 PDT,6,33.302698,100,0.33302698,Teoscar Hernández,606192,0.312015,6
2025,2025-09-25 17:00:00 PDT,7,33.048698,100,0.33048698,Teoscar Hernández,606192,0.312015,7
2025,2025-09-25 17:00:00 PDT,8,33.914698,100,0.33914698,Teoscar Hernández,606192,0.312015,8
2025,2025-09-24 17:00:00 PDT,9,34.036698,100,0.34036698,Teoscar Hernández,606192,0.312015,9
2025,2025-09-24 17:00:00 PDT,10,34.503698,100,0.34503698,Teoscar Hernández,606192,0.312015,10
2025,2025-09-24 17:00:00 PDT,11,35.038378,100,0.35038378,Teoscar Hernández,606192,0.312015,11
2025,2025-09-23 17:00:00 PDT,12,35.229378,100,0.35229378,Teoscar Hernández,606192,0.312015,12
2025,2025-09-23 17:00:00 PDT,13,35.154378,100,0.35154378,Teoscar Hernández,606192,0.312015,13
2025,2025-09-23 17:00:00 PDT,14,34.065378,100,0.34065378,Teoscar Hernández,606192,0.312015,14
2025,2025-09-23 17:00:00 PDT,15,33.440378,100,0.33440378,Teoscar Hernández,606192,0.312015,15
2025,2025-09-23 17:00:00 PDT,16,33.440378,100,0.33440378,Teoscar Hernández,606192,0.312015,16
2025,2025-09-22 17:00:00 PDT,17,33.440378,100,0.33440378,Teoscar Hernández,606192,0.312015,17
2025,2025-09-22 17:00:00 PDT,18,34.495378,100,0.34495378,Teoscar Hernández,606192,0.312015,18
2025,2025-09-22 17:00:00 PDT,19,33.952378,100,0.33952378,Teoscar Hernández,606192,0.312015,19
2025,2025-09-22 17:00:00 PDT,20,33.345378,100,0.33345378,Teoscar Hernández,606192,0.312015,20
2025,2025-09-19 17:00:00 PDT,21,32.912378,100,0.32912378,Teoscar Hernández,606192,0.312015,21
2025,2025-09-19 17:00:00 PDT,22,32.912378,100,0.32912378,Teoscar Hernández,606192,0.312015,22
2025,2025-09-19 17:00:00 PDT,23,32.788378,100,0.32788378,Teoscar Hernández,606192,0.312015,23
2025,2025-09-19 17:00:00 PDT,24,32.788378,100,0.32788378,Teoscar Hernández,606192,0.312015,24
2025,2025-09-19 17:00:00 PDT,25,32.115909,100,0.32115909,Teoscar Hernández,606192,0.312015,25
2025,2025-09-18 17:00:00 PDT,26,31.538229,100,0.31538229,Teoscar Hernández,606192,0.312015,26
2025,2025-09-18 17:00:00 PDT,27,32.229229,100,0.32229229,Teoscar Hernández,606192,0.312015,27
2025,2025-09-18 17:00:00 PDT,28,32.581229,100,0.32581229,Teoscar Hernández,606192,0.312015,28
2025,2025-09-18 17:00:00 PDT,29,31.938549,100,0.31938549,Teoscar Hernández,606192,0.312015,29
2025,2025-09-17 17:00:00 PDT,30,32.029549,100,0.32029549,Teoscar Hernández,606192,0.312015,30
2025,2025-09-17 17:00:00 PDT,31,31.470549,100,0.31470549,Teoscar Hernández,606192,0.312015,31
2025,2025-09-17 17:00:00 PDT,32,31.357549,100,0.31357549,Teoscar Hernández,606192,0.312015,32
2025,2025-09-16 17:00:00 PDT,33,31.362549,100,0.31362549,Teoscar Hernández,606192,0.312015,33
2025,2025-09-16 17:00:00 PDT,34,31.284869,100,0.31284869,Teoscar Hernández,606192,0.312015,34
2025,2025-09-16 17:00:00 PDT,35,31.179869,100,0.31179869,Teoscar Hernández,606192,0.312015,35
2025,2025-09-16 17:00:00 PDT,36,31.160869,100,0.31160869,Teoscar Hernández,606192,0.312015,36
2025,2025-09-15 17:00:00 PDT,37,31.064869,100,0.31064869,Teoscar Hernández,606192,0.312015,37
2025,2025-09-15 17:00:00 PDT,38,30.523869,100,0.30523869,Teoscar Hernández,606192,0.312015,38
2025,2025-09-15 17:00:00 PDT,39,30.230869,100,0.30230869,Teoscar Hernández,606192,0.312015,39
2025,2025-09-15 17:00:00 PDT,40,30.020869,100,0.30020869,Teoscar Hernández,606192,0.312015,40
2025,2025-09-14 17:00:00 PDT,41,30.124869,100,0.30124869,Teoscar Hernández,606192,0.312015,41
2025,2025-09-14 17:00:00 PDT,42,30.269869,100,0.30269869,Teoscar Hernández,606192,0.312015,42
2025,2025-09-14 17:00:00 PDT,43,30.520869,100,0.30520869,Teoscar Hernández,606192,0.312015,43
2025,2025-09-14 17:00:00 PDT,44,32.157869,100,0.32157869,Teoscar Hernández,606192,0.312015,44
2025,2025-09-13 17:00:00 PDT,45,32.154869,100,0.32154869,Teoscar Hernández,606192,0.312015,45
2025,2025-09-13 17:00:00 PDT,46,31.267869,100,0.31267869,Teoscar Hernández,606192,0.312015,46
2025,2025-09-13 17:00:00 PDT,47,32.547869,100,0.32547869,Teoscar Hernández,606192,0.312015,47
2025,2025-09-13 17:00:00 PDT,48,32.367869,100,0.32367869,Teoscar Hernández,606192,0.312015,48
2025,2025-09-13 17:00:00 PDT,49,31.680869,100,0.31680869,Teoscar Hernández,606192,0.312015,49
2025,2025-09-13 17:00:00 PDT,50,30.732869,100,0.30732869,Teoscar Hernández,606192,0.312015,50
2025,2025-09-12 17:00:00 PDT,51,30.176869,100,0.30176869,Teoscar Hernández,606192,0.312015,51
2025,2025-09-12 17:00:00 PDT,52,30.176869,100,0.30176869,Teoscar Hernández,606192,0.312015,52
2025,2025-09-12 17:00:00 PDT,53,30.607869,100,0.30607869,Teoscar Hernández,606192,0.312015,53
2025,2025-09-12 17:00:00 PDT,54,30.104869,100,0.30104869,Teoscar Hernández,606192,0.312015,54
2025,2025-09-12 17:00:00 PDT,55,29.380869,100,0.29380869,Teoscar Hernández,606192,0.312015,55
2025,2025-09-11 17:00:00 PDT,56,29.279869,100,0.29279869,Teoscar Hernández,606192,0.312015,56
2025,2025-09-11 17:00:00 PDT,57,29.368869,100,0.29368869,Teoscar Hernández,606192,0.312015,57
2025,2025-09-11 17:00:00 PDT,58,30.200869,100,0.30200869,Teoscar Hernández,606192,0.312015,58
2025,2025-09-11 17:00:00 PDT,59,30.572869,100,0.30572869,Teoscar Hernández,606192,0.312015,59
2025,2025-09-09 17:00:00 PDT,60,30.572869,100,0.30572869,Teoscar Hernández,606192,0.312015,60
2025,2025-09-09 17:00:00 PDT,61,28.572869,100,0.28572869,Teoscar Hernández,606192,0.312015,61
2025,2025-09-09 17:00:00 PDT,62,29.162869,100,0.29162869,Teoscar Hernández,606192,0.312015,62
2025,2025-09-09 17:00:00 PDT,63,28.238869,100,0.28238869,Teoscar Hernández,606192,0.312015,63
2025,2025-09-09 17:00:00 PDT,64,28.180869,100,0.28180869,Teoscar Hernández,606192,0.312015,64
2025,2025-09-08 17:00:00 PDT,65,28.180869,100,0.28180869,Teoscar Hernández,606192,0.312015,65
2025,2025-09-08 17:00:00 PDT,66,27.758869,100,0.27758869,Teoscar Hernández,606192,0.312015,66
2025,2025-09-08 17:00:00 PDT,67,28.614869,100,0.28614869,Teoscar Hernández,606192,0.312015,67
2025,2025-09-08 17:00:00 PDT,68,26.953869,100,0.26953869,Teoscar Hernández,606192,0.312015,68
2025,2025-09-07 17:00:00 PDT,69,27.058869,100,0.27058869,Teoscar Hernández,606192,0.312015,69
2025,2025-09-07 17:00:00 PDT,70,26.694869,100,0.26694869,Teoscar Hernández,606192,0.312015,70
2025,2025-09-07 17:00:00 PDT,71,26.773869,100,0.26773869,Teoscar Hernández,606192,0.312015,71
2025,2025-09-07 17:00:00 PDT,72,26.730869,100,0.26730869,Teoscar Hernández,606192,0.312015,72
2025,2025-09-05 17:00:00 PDT,73,27.643869,100,0.27643869,Teoscar Hernández,606192,0.312015,73
2025,2025-09-05 17:00:00 PDT,74,27.779869,100,0.27779869,Teoscar Hernández,606192,0.312015,74
2025,2025-09-05 17:00:00 PDT,75,27.772869,100,0.27772869,Teoscar Hernández,606192,0.312015,75
2025,2025-09-05 17:00:00 PDT,76,29.702869,100,0.29702869,Teoscar Hernández,606192,0.312015,76
2025,2025-09-04 17:00:00 PDT,77,29.655869,100,0.29655869,Teoscar Hernández,606192,0.312015,77
2025,2025-09-04 17:00:00 PDT,78,30.179869,100,0.30179869,Teoscar Hernández,606192,0.312015,78
2025,2025-09-04 17:00:00 PDT,79,30.415869,100,0.30415869,Teoscar Hernández,606192,0.312015,79
2025,2025-09-04 17:00:00 PDT,80,31.141869,100,0.31141869,Teoscar Hernández,606192,0.312015,80
2025,2025-09-03 17:00:00 PDT,81,31.165869,100,0.31165869,Teoscar Hernández,606192,0.312015,81
2025,2025-09-03 17:00:00 PDT,82,30.348869,100,0.30348869,Teoscar Hernández,606192,0.312015,82
2025,2025-09-03 17:00:00 PDT,83,30.348869,100,0.30348869,Teoscar Hernández,606192,0.312015,83
2025,2025-09-03 17:00:00 PDT,84,30.684869,100,0.30684869,Teoscar Hernández,606192,0.312015,84
2025,2025-09-02 17:00:00 PDT,85,30.808869,100,0.30808869,Teoscar Hernández,606192,0.312015,85
2025,2025-09-02 17:00:00 PDT,86,31.390869,100,0.31390869,Teoscar Hernández,606192,0.312015,86
2025,2025-09-02 17:00:00 PDT,87,31.267869,100,0.31267869,Teoscar Hernández,606192,0.312015,87
2025,2025-09-02 17:00:00 PDT,88,30.576189,100,0.30576189,Teoscar Hernández,606192,0.312015,88
2025,2025-09-01 17:00:00 PDT,89,29.884509,100,0.29884509,Teoscar Hernández,606192,0.312015,89
2025,2025-09-01 17:00:00 PDT,90,29.618509,100,0.29618509,Teoscar Hernández,606192,0.312015,90
2025,2025-09-01 17:00:00 PDT,91,30.533509,100,0.30533509,Teoscar Hernández,606192,0.312015,91
2025,2025-09-01 17:00:00 PDT,92,29.912509,100,0.29912509,Teoscar Hernández,606192,0.312015,92
2025,2025-08-29 17:00:00 PDT,93,29.301509,100,0.29301509,Teoscar Hernández,606192,0.312015,93
2025,2025-08-29 17:00:00 PDT,94,28.900509,100,0.28900509,Teoscar Hernández,606192,0.312015,94
2025,2025-08-29 17:00:00 PDT,95,29.009509,100,0.29009509,Teoscar Hernández,606192,0.312015,95
2025,2025-08-29 17:00:00 PDT,96,29.084509,100,0.29084509,Teoscar Hernández,606192,0.312015,96
2025,2025-08-28 17:00:00 PDT,97,29.541509,100,0.29541509,Teoscar Hernández,606192,0.312015,97
2025,2025-08-28 17:00:00 PDT,98,28.849829,100,0.28849829,Teoscar Hernández,606192,0.312015,98
2025,2025-08-28 17:00:00 PDT,99,28.849829,100,0.28849829,Teoscar Hernández,606192,0.312015,99
2025,2025-08-28 17:00:00 PDT,100,29.728829,100,0.29728829,Teoscar Hernández,606192,0.312015,100
2025,2025-09-26 17:00:00 PDT,1,31.31648,100,0.3131648,Alex Call,669743,0.312015,1
2025,2025-09-26 17:00:00 PDT,2,30.76880,100,0.307688,Alex Call,669743,0.312015,2
2025,2025-09-26 17:00:00 PDT,3,31.42248,100,0.3142248,Alex Call,669743,0.312015,3
2025,2025-09-26 17:00:00 PDT,4,31.40348,100,0.3140348,Alex Call,669743,0.312015,4
2025,2025-09-25 17:00:00 PDT,5,31.40348,100,0.3140348,Alex Call,669743,0.312015,5
2025,2025-09-24 17:00:00 PDT,6,31.33848,100,0.3133848,Alex Call,669743,0.312015,6
2025,2025-09-24 17:00:00 PDT,7,31.33848,100,0.3133848,Alex Call,669743,0.312015,7
2025,2025-09-20 17:00:00 PDT,8,31.44816,100,0.3144816,Alex Call,669743,0.312015,8
2025,2025-09-20 17:00:00 PDT,9,31.56184,100,0.3156184,Alex Call,669743,0.312015,9
2025,2025-09-15 17:00:00 PDT,10,31.56784,100,0.3156784,Alex Call,669743,0.312015,10
2025,2025-09-15 17:00:00 PDT,11,31.54484,100,0.3154484,Alex Call,669743,0.312015,11
2025,2025-09-15 17:00:00 PDT,12,31.32484,100,0.3132484,Alex Call,669743,0.312015,12
2025,2025-09-15 17:00:00 PDT,13,32.01652,100,0.3201652,Alex Call,669743,0.312015,13
2025,2025-09-14 17:00:00 PDT,14,30.61152,100,0.3061152,Alex Call,669743,0.312015,14
2025,2025-09-14 17:00:00 PDT,15,30.14684,100,0.3014684,Alex Call,669743,0.312015,15
2025,2025-09-14 17:00:00 PDT,16,30.16784,100,0.3016784,Alex Call,669743,0.312015,16
2025,2025-09-14 17:00:00 PDT,17,29.77484,100,0.2977484,Alex Call,669743,0.312015,17
2025,2025-09-14 17:00:00 PDT,18,29.58884,100,0.2958884,Alex Call,669743,0.312015,18
2025,2025-09-13 17:00:00 PDT,19,29.37484,100,0.2937484,Alex Call,669743,0.312015,19
2025,2025-09-13 17:00:00 PDT,20,29.81684,100,0.2981684,Alex Call,669743,0.312015,20
2025,2025-09-06 17:00:00 PDT,21,29.12516,100,0.2912516,Alex Call,669743,0.312015,21
2025,2025-09-06 17:00:00 PDT,22,29.11016,100,0.2911016,Alex Call,669743,0.312015,22
2025,2025-09-06 17:00:00 PDT,23,29.78416,100,0.2978416,Alex Call,669743,0.312015,23
2025,2025-09-06 17:00:00 PDT,24,30.23116,100,0.3023116,Alex Call,669743,0.312015,24
2025,2025-09-05 17:00:00 PDT,25,30.14716,100,0.3014716,Alex Call,669743,0.312015,25
2025,2025-09-05 17:00:00 PDT,26,30.33016,100,0.3033016,Alex Call,669743,0.312015,26
2025,2025-09-05 17:00:00 PDT,27,30.52716,100,0.3052716,Alex Call,669743,0.312015,27
2025,2025-09-05 17:00:00 PDT,28,30.48116,100,0.3048116,Alex Call,669743,0.312015,28
2025,2025-09-04 17:00:00 PDT,29,31.11716,100,0.3111716,Alex Call,669743,0.312015,29
2025,2025-09-02 17:00:00 PDT,30,31.29316,100,0.3129316,Alex Call,669743,0.312015,30
2025,2025-09-02 17:00:00 PDT,31,32.07216,100,0.3207216,Alex Call,669743,0.312015,31
2025,2025-09-02 17:00:00 PDT,32,31.60716,100,0.3160716,Alex Call,669743,0.312015,32
2025,2025-08-30 17:00:00 PDT,33,31.09148,100,0.3109148,Alex Call,669743,0.312015,33
2025,2025-08-30 17:00:00 PDT,34,31.79548,100,0.3179548,Alex Call,669743,0.312015,34
2025,2025-08-30 17:00:00 PDT,35,32.67048,100,0.3267048,Alex Call,669743,0.312015,35
2025,2025-08-30 17:00:00 PDT,36,33.28116,100,0.3328116,Alex Call,669743,0.312015,36
2025,2025-08-29 17:00:00 PDT,37,33.59916,100,0.3359916,Alex Call,669743,0.312015,37
2025,2025-08-29 17:00:00 PDT,38,32.90216,100,0.3290216,Alex Call,669743,0.312015,38
2025,2025-08-29 17:00:00 PDT,39,32.15316,100,0.3215316,Alex Call,669743,0.312015,39
2025,2025-08-29 17:00:00 PDT,40,32.41716,100,0.3241716,Alex Call,669743,0.312015,40
2025,2025-08-28 17:00:00 PDT,41,32.41716,100,0.3241716,Alex Call,669743,0.312015,41
2025,2025-08-25 17:00:00 PDT,42,32.51416,100,0.3251416,Alex Call,669743,0.312015,42
2025,2025-08-23 17:00:00 PDT,43,33.08516,100,0.3308516,Alex Call,669743,0.312015,43
2025,2025-08-22 17:00:00 PDT,44,32.20116,100,0.3220116,Alex Call,669743,0.312015,44
2025,2025-08-22 17:00:00 PDT,45,31.89216,100,0.3189216,Alex Call,669743,0.312015,45
2025,2025-08-20 17:00:00 PDT,46,31.96016,100,0.3196016,Alex Call,669743,0.312015,46
2025,2025-08-20 17:00:00 PDT,47,31.68516,100,0.3168516,Alex Call,669743,0.312015,47
2025,2025-08-20 17:00:00 PDT,48,31.23748,100,0.3123748,Alex Call,669743,0.312015,48
2025,2025-08-20 17:00:00 PDT,49,30.91648,100,0.3091648,Alex Call,669743,0.312015,49
2025,2025-08-19 17:00:00 PDT,50,30.91648,100,0.3091648,Alex Call,669743,0.312015,50
2025,2025-08-18 17:00:00 PDT,51,31.50748,100,0.3150748,Alex Call,669743,0.312015,51
2025,2025-08-18 17:00:00 PDT,52,31.50748,100,0.3150748,Alex Call,669743,0.312015,52
2025,2025-08-18 17:00:00 PDT,53,31.51148,100,0.3151148,Alex Call,669743,0.312015,53
2025,2025-08-18 17:00:00 PDT,54,31.23248,100,0.3123248,Alex Call,669743,0.312015,54
2025,2025-08-18 17:00:00 PDT,55,30.94948,100,0.3094948,Alex Call,669743,0.312015,55
2025,2025-08-17 17:00:00 PDT,56,29.23448,100,0.2923448,Alex Call,669743,0.312015,56
2025,2025-08-17 17:00:00 PDT,57,29.15648,100,0.2915648,Alex Call,669743,0.312015,57
2025,2025-08-16 17:00:00 PDT,58,29.16048,100,0.2916048,Alex Call,669743,0.312015,58
2025,2025-08-14 17:00:00 PDT,59,29.882949,100,0.29882949,Alex Call,669743,0.312015,59
2025,2025-08-12 17:00:00 PDT,60,29.509269,100,0.29509269,Alex Call,669743,0.312015,60
2025,2025-08-12 17:00:00 PDT,61,29.496269,100,0.29496269,Alex Call,669743,0.312015,61
2025,2025-08-12 17:00:00 PDT,62,29.569269,100,0.29569269,Alex Call,669743,0.312015,62
2025,2025-08-12 17:00:00 PDT,63,29.608269,100,0.29608269,Alex Call,669743,0.312015,63
2025,2025-08-11 17:00:00 PDT,64,29.252589,100,0.29252589,Alex Call,669743,0.312015,64
2025,2025-08-11 17:00:00 PDT,65,29.185589,100,0.29185589,Alex Call,669743,0.312015,65
2025,2025-08-10 17:00:00 PDT,66,29.291589,100,0.29291589,Alex Call,669743,0.312015,66
2025,2025-08-10 17:00:00 PDT,67,29.078589,100,0.29078589,Alex Call,669743,0.312015,67
2025,2025-08-10 17:00:00 PDT,68,29.078589,100,0.29078589,Alex Call,669743,0.312015,68
2025,2025-08-10 17:00:00 PDT,69,29.568589,100,0.29568589,Alex Call,669743,0.312015,69
2025,2025-08-09 17:00:00 PDT,70,30.258589,100,0.30258589,Alex Call,669743,0.312015,70
2025,2025-08-09 17:00:00 PDT,71,29.681909,100,0.29681909,Alex Call,669743,0.312015,71
2025,2025-08-09 17:00:00 PDT,72,29.780909,100,0.29780909,Alex Call,669743,0.312015,72
2025,2025-08-09 17:00:00 PDT,73,30.765909,100,0.30765909,Alex Call,669743,0.312015,73
2025,2025-08-08 17:00:00 PDT,74,30.745909,100,0.30745909,Alex Call,669743,0.312015,74
2025,2025-08-05 17:00:00 PDT,75,31.084589,100,0.31084589,Alex Call,669743,0.312015,75
2025,2025-08-05 17:00:00 PDT,76,30.441589,100,0.30441589,Alex Call,669743,0.312015,76
2025,2025-08-05 17:00:00 PDT,77,31.105058,100,0.31105058,Alex Call,669743,0.312015,77
2025,2025-08-02 17:00:00 PDT,78,31.862058,100,0.31862058,Alex Call,669743,0.312015,78
2025,2025-08-02 17:00:00 PDT,79,31.460378,100,0.31460378,Alex Call,669743,0.312015,79
2025,2025-08-02 17:00:00 PDT,80,32.048378,100,0.32048378,Alex Call,669743,0.312015,80
2025,2025-08-02 17:00:00 PDT,81,32.539847,100,0.32539847,Alex Call,669743,0.312015,81
2025,2025-07-31 17:00:00 PDT,82,33.029847,100,0.33029847,Alex Call,669743,0.312015,82
2025,2025-07-27 17:00:00 PDT,83,33.524847,100,0.33524847,Alex Call,669743,0.312015,83
2025,2025-07-27 17:00:00 PDT,84,34.071847,100,0.34071847,Alex Call,669743,0.312015,84
2025,2025-07-27 17:00:00 PDT,85,34.786847,100,0.34786847,Alex Call,669743,0.312015,85
2025,2025-07-27 17:00:00 PDT,86,34.815847,100,0.34815847,Alex Call,669743,0.312015,86
2025,2025-07-26 17:00:00 PDT,87,34.339847,100,0.34339847,Alex Call,669743,0.312015,87
2025,2025-07-26 17:00:00 PDT,88,33.694847,100,0.33694847,Alex Call,669743,0.312015,88
2025,2025-07-26 17:00:00 PDT,89,33.288167,100,0.33288167,Alex Call,669743,0.312015,89
2025,2025-07-26 17:00:00 PDT,90,33.139167,100,0.33139167,Alex Call,669743,0.312015,90
2025,2025-07-26 17:00:00 PDT,91,32.825167,100,0.32825167,Alex Call,669743,0.312015,91
2025,2025-07-25 17:00:00 PDT,92,32.969167,100,0.32969167,Alex Call,669743,0.312015,92
2025,2025-07-25 17:00:00 PDT,93,32.644167,100,0.32644167,Alex Call,669743,0.312015,93
2025,2025-07-25 17:00:00 PDT,94,32.647847,100,0.32647847,Alex Call,669743,0.312015,94
2025,2025-07-25 17:00:00 PDT,95,33.324316,100,0.33324316,Alex Call,669743,0.312015,95
2025,2025-07-22 17:00:00 PDT,96,32.407316,100,0.32407316,Alex Call,669743,0.312015,96
2025,2025-07-22 17:00:00 PDT,97,33.122316,100,0.33122316,Alex Call,669743,0.312015,97
2025,2025-07-22 17:00:00 PDT,98,33.813996,100,0.33813996,Alex Call,669743,0.312015,98
2025,2025-07-19 17:00:00 PDT,99,33.780996,100,0.33780996,Alex Call,669743,0.312015,99
2025,2025-07-19 17:00:00 PDT,100,33.635996,100,0.33635996,Alex Call,669743,0.312015,100
2025,2025-09-23 17:00:00 PDT,1,39.585607,100,0.39585607,Max Muncy,571970,0.312015,1
2025,2025-09-23 17:00:00 PDT,2,41.393607,100,0.41393607,Max Muncy,571970,0.312015,2
2025,2025-09-23 17:00:00 PDT,3,42.906607,100,0.42906607,Max Muncy,571970,0.312015,3
2025,2025-09-22 17:00:00 PDT,4,42.906607,100,0.42906607,Max Muncy,571970,0.312015,4
2025,2025-09-22 17:00:00 PDT,5,42.923607,100,0.42923607,Max Muncy,571970,0.312015,5
2025,2025-09-22 17:00:00 PDT,6,43.605287,100,0.43605287,Max Muncy,571970,0.312015,6
2025,2025-09-22 17:00:00 PDT,7,43.777287,100,0.43777287,Max Muncy,571970,0.312015,7
2025,2025-09-20 17:00:00 PDT,8,43.950287,100,0.43950287,Max Muncy,571970,0.312015,8
2025,2025-09-20 17:00:00 PDT,9,44.159287,100,0.44159287,Max Muncy,571970,0.312015,9
2025,2025-09-20 17:00:00 PDT,10,44.159287,100,0.44159287,Max Muncy,571970,0.312015,10
2025,2025-09-20 17:00:00 PDT,11,44.095967,100,0.44095967,Max Muncy,571970,0.312015,11
2025,2025-09-19 17:00:00 PDT,12,43.601967,100,0.43601967,Max Muncy,571970,0.312015,12
2025,2025-09-19 17:00:00 PDT,13,43.607967,100,0.43607967,Max Muncy,571970,0.312015,13
2025,2025-09-19 17:00:00 PDT,14,43.511967,100,0.43511967,Max Muncy,571970,0.312015,14
2025,2025-09-19 17:00:00 PDT,15,44.114647,100,0.44114647,Max Muncy,571970,0.312015,15
2025,2025-09-19 17:00:00 PDT,16,44.083858,100,0.44083858,Max Muncy,571970,0.312015,16
2025,2025-09-17 17:00:00 PDT,17,43.942858,100,0.43942858,Max Muncy,571970,0.312015,17
2025,2025-09-17 17:00:00 PDT,18,44.521858,100,0.44521858,Max Muncy,571970,0.312015,18
2025,2025-09-17 17:00:00 PDT,19,44.561858,100,0.44561858,Max Muncy,571970,0.312015,19
2025,2025-09-15 17:00:00 PDT,20,45.374858,100,0.45374858,Max Muncy,571970,0.312015,20
2025,2025-09-14 17:00:00 PDT,21,45.657858,100,0.45657858,Max Muncy,571970,0.312015,21
2025,2025-09-14 17:00:00 PDT,22,45.795858,100,0.45795858,Max Muncy,571970,0.312015,22
2025,2025-09-14 17:00:00 PDT,23,45.795858,100,0.45795858,Max Muncy,571970,0.312015,23
2025,2025-09-14 17:00:00 PDT,24,46.487538,100,0.46487538,Max Muncy,571970,0.312015,24
2025,2025-09-14 17:00:00 PDT,25,46.180538,100,0.46180538,Max Muncy,571970,0.312015,25
2025,2025-09-12 17:00:00 PDT,26,46.322538,100,0.46322538,Max Muncy,571970,0.312015,26
2025,2025-09-12 17:00:00 PDT,27,45.600069,100,0.45600069,Max Muncy,571970,0.312015,27
2025,2025-09-12 17:00:00 PDT,28,45.631389,100,0.45631389,Max Muncy,571970,0.312015,28
2025,2025-09-12 17:00:00 PDT,29,46.323069,100,0.46323069,Max Muncy,571970,0.312015,29
2025,2025-09-11 17:00:00 PDT,30,46.305069,100,0.46305069,Max Muncy,571970,0.312015,30
2025,2025-09-11 17:00:00 PDT,31,46.24660,100,0.462466,Max Muncy,571970,0.312015,31
2025,2025-09-11 17:00:00 PDT,32,46.37628,100,0.4637628,Max Muncy,571970,0.312015,32
2025,2025-09-11 17:00:00 PDT,33,45.78360,100,0.457836,Max Muncy,571970,0.312015,33
2025,2025-09-08 17:00:00 PDT,34,46.17060,100,0.461706,Max Muncy,571970,0.312015,34
2025,2025-09-08 17:00:00 PDT,35,45.96060,100,0.459606,Max Muncy,571970,0.312015,35
2025,2025-09-08 17:00:00 PDT,36,46.84360,100,0.468436,Max Muncy,571970,0.312015,36
2025,2025-09-08 17:00:00 PDT,37,46.84260,100,0.468426,Max Muncy,571970,0.312015,37
2025,2025-09-07 17:00:00 PDT,38,46.92860,100,0.469286,Max Muncy,571970,0.312015,38
2025,2025-09-07 17:00:00 PDT,39,47.61428,100,0.4761428,Max Muncy,571970,0.312015,39
2025,2025-09-07 17:00:00 PDT,40,47.81696,100,0.4781696,Max Muncy,571970,0.312015,40
2025,2025-08-11 17:00:00 PDT,41,47.77396,100,0.4777396,Max Muncy,571970,0.312015,41
2025,2025-08-11 17:00:00 PDT,42,47.77396,100,0.4777396,Max Muncy,571970,0.312015,42
2025,2025-08-11 17:00:00 PDT,43,47.94596,100,0.4794596,Max Muncy,571970,0.312015,43
2025,2025-08-11 17:00:00 PDT,44,47.25428,100,0.4725428,Max Muncy,571970,0.312015,44
2025,2025-08-11 17:00:00 PDT,45,47.25428,100,0.4725428,Max Muncy,571970,0.312015,45
2025,2025-08-10 17:00:00 PDT,46,47.10928,100,0.4710928,Max Muncy,571970,0.312015,46
2025,2025-08-10 17:00:00 PDT,47,47.14228,100,0.4714228,Max Muncy,571970,0.312015,47
2025,2025-08-10 17:00:00 PDT,48,47.14228,100,0.4714228,Max Muncy,571970,0.312015,48
2025,2025-08-10 17:00:00 PDT,49,47.76096,100,0.4776096,Max Muncy,571970,0.312015,49
2025,2025-08-09 17:00:00 PDT,50,47.63296,100,0.4763296,Max Muncy,571970,0.312015,50
2025,2025-08-09 17:00:00 PDT,51,46.94128,100,0.4694128,Max Muncy,571970,0.312015,51
2025,2025-08-09 17:00:00 PDT,52,46.94428,100,0.4694428,Max Muncy,571970,0.312015,52
2025,2025-08-09 17:00:00 PDT,53,47.22660,100,0.472266,Max Muncy,571970,0.312015,53
2025,2025-08-09 17:00:00 PDT,54,47.24428,100,0.4724428,Max Muncy,571970,0.312015,54
2025,2025-08-08 17:00:00 PDT,55,47.77828,100,0.4777828,Max Muncy,571970,0.312015,55
2025,2025-08-08 17:00:00 PDT,56,47.96960,100,0.479696,Max Muncy,571970,0.312015,56
2025,2025-08-08 17:00:00 PDT,57,48.06628,100,0.4806628,Max Muncy,571970,0.312015,57
2025,2025-08-08 17:00:00 PDT,58,47.63728,100,0.4763728,Max Muncy,571970,0.312015,58
2025,2025-08-07 17:00:00 PDT,59,47.02828,100,0.4702828,Max Muncy,571970,0.312015,59
2025,2025-08-07 17:00:00 PDT,60,47.46528,100,0.4746528,Max Muncy,571970,0.312015,60
2025,2025-08-07 17:00:00 PDT,61,46.85060,100,0.468506,Max Muncy,571970,0.312015,61
2025,2025-08-07 17:00:00 PDT,62,46.83760,100,0.468376,Max Muncy,571970,0.312015,62
2025,2025-08-05 17:00:00 PDT,63,46.23692,100,0.4623692,Max Muncy,571970,0.312015,63
2025,2025-08-04 17:00:00 PDT,64,46.23692,100,0.4623692,Max Muncy,571970,0.312015,64
2025,2025-08-04 17:00:00 PDT,65,45.36492,100,0.4536492,Max Muncy,571970,0.312015,65
2025,2025-08-04 17:00:00 PDT,66,46.83892,100,0.4683892,Max Muncy,571970,0.312015,66
2025,2025-08-04 17:00:00 PDT,67,47.52092,100,0.4752092,Max Muncy,571970,0.312015,67
2025,2025-08-04 17:00:00 PDT,68,46.19892,100,0.4619892,Max Muncy,571970,0.312015,68
2025,2025-08-03 17:00:00 PDT,69,46.27192,100,0.4627192,Max Muncy,571970,0.312015,69
2025,2025-08-03 17:00:00 PDT,70,45.86692,100,0.4586692,Max Muncy,571970,0.312015,70
2025,2025-08-03 17:00:00 PDT,71,45.95992,100,0.4595992,Max Muncy,571970,0.312015,71
2025,2025-08-03 17:00:00 PDT,72,46.48260,100,0.464826,Max Muncy,571970,0.312015,72
2025,2025-07-01 17:00:00 PDT,73,46.58092,100,0.4658092,Max Muncy,571970,0.312015,73
2025,2025-07-01 17:00:00 PDT,74,47.23160,100,0.472316,Max Muncy,571970,0.312015,74
2025,2025-06-30 17:00:00 PDT,75,48.36960,100,0.483696,Max Muncy,571970,0.312015,75
2025,2025-06-30 17:00:00 PDT,76,48.94860,100,0.489486,Max Muncy,571970,0.312015,76
2025,2025-06-30 17:00:00 PDT,77,47.78560,100,0.477856,Max Muncy,571970,0.312015,77
2025,2025-06-30 17:00:00 PDT,78,47.57560,100,0.475756,Max Muncy,571970,0.312015,78
2025,2025-06-28 17:00:00 PDT,79,47.37492,100,0.4737492,Max Muncy,571970,0.312015,79
2025,2025-06-28 17:00:00 PDT,80,49.40292,100,0.4940292,Max Muncy,571970,0.312015,80
2025,2025-06-28 17:00:00 PDT,81,48.45192,100,0.4845192,Max Muncy,571970,0.312015,81
2025,2025-06-28 17:00:00 PDT,82,49.34692,100,0.4934692,Max Muncy,571970,0.312015,82
2025,2025-06-27 17:00:00 PDT,83,49.88992,100,0.4988992,Max Muncy,571970,0.312015,83
2025,2025-06-27 17:00:00 PDT,84,49.15192,100,0.4915192,Max Muncy,571970,0.312015,84
2025,2025-06-27 17:00:00 PDT,85,49.18292,100,0.4918292,Max Muncy,571970,0.312015,85
2025,2025-06-27 17:00:00 PDT,86,50.44792,100,0.5044792,Max Muncy,571970,0.312015,86
2025,2025-06-27 17:00:00 PDT,87,50.05292,100,0.5005292,Max Muncy,571970,0.312015,87
2025,2025-06-26 17:00:00 PDT,88,49.38424,100,0.4938424,Max Muncy,571970,0.312015,88
2025,2025-06-26 17:00:00 PDT,89,48.71056,100,0.4871056,Max Muncy,571970,0.312015,89
2025,2025-06-26 17:00:00 PDT,90,49.40224,100,0.4940224,Max Muncy,571970,0.312015,90
2025,2025-06-26 17:00:00 PDT,91,49.21724,100,0.4921724,Max Muncy,571970,0.312015,91
2025,2025-06-24 17:00:00 PDT,92,47.52724,100,0.4752724,Max Muncy,571970,0.312015,92
2025,2025-06-24 17:00:00 PDT,93,46.06524,100,0.4606524,Max Muncy,571970,0.312015,93
2025,2025-06-24 17:00:00 PDT,94,46.18324,100,0.4618324,Max Muncy,571970,0.312015,94
2025,2025-06-24 17:00:00 PDT,95,46.42424,100,0.4642424,Max Muncy,571970,0.312015,95
2025,2025-06-23 17:00:00 PDT,96,46.77524,100,0.4677524,Max Muncy,571970,0.312015,96
2025,2025-06-23 17:00:00 PDT,97,46.66492,100,0.4666492,Max Muncy,571970,0.312015,97
2025,2025-06-23 17:00:00 PDT,98,47.34260,100,0.473426,Max Muncy,571970,0.312015,98
2025,2025-06-23 17:00:00 PDT,99,46.94960,100,0.469496,Max Muncy,571970,0.312015,99
2025,2025-06-23 17:00:00 PDT,100,46.85560,100,0.468556,Max Muncy,571970,0.312015,100
2025,2025-09-27 17:00:00 PDT,1,38.98676,100,0.3898676,Mookie Betts,605141,0.312015,1
2025,2025-09-27 17:00:00 PDT,2,39.66244,100,0.3966244,Mookie Betts,605141,0.312015,2
2025,2025-09-27 17:00:00 PDT,3,39.57144,100,0.3957144,Mookie Betts,605141,0.312015,3
2025,2025-09-27 17:00:00 PDT,4,40.10144,100,0.4010144,Mookie Betts,605141,0.312015,4
2025,2025-09-26 17:00:00 PDT,5,39.95944,100,0.3995944,Mookie Betts,605141,0.312015,5
2025,2025-09-26 17:00:00 PDT,6,39.76744,100,0.3976744,Mookie Betts,605141,0.312015,6
2025,2025-09-26 17:00:00 PDT,7,40.15644,100,0.4015644,Mookie Betts,605141,0.312015,7
2025,2025-09-26 17:00:00 PDT,8,40.44144,100,0.4044144,Mookie Betts,605141,0.312015,8
2025,2025-09-24 17:00:00 PDT,9,40.62844,100,0.4062844,Mookie Betts,605141,0.312015,9
2025,2025-09-24 17:00:00 PDT,10,40.52976,100,0.4052976,Mookie Betts,605141,0.312015,10
2025,2025-09-24 17:00:00 PDT,11,41.22876,100,0.4122876,Mookie Betts,605141,0.312015,11
2025,2025-09-24 17:00:00 PDT,12,40.96076,100,0.4096076,Mookie Betts,605141,0.312015,12
2025,2025-09-24 17:00:00 PDT,13,41.03976,100,0.4103976,Mookie Betts,605141,0.312015,13
2025,2025-09-23 17:00:00 PDT,14,41.76476,100,0.4176476,Mookie Betts,605141,0.312015,14
2025,2025-09-23 17:00:00 PDT,15,41.39876,100,0.4139876,Mookie Betts,605141,0.312015,15
2025,2025-09-23 17:00:00 PDT,16,41.23144,100,0.4123144,Mookie Betts,605141,0.312015,16
2025,2025-09-23 17:00:00 PDT,17,40.84144,100,0.4084144,Mookie Betts,605141,0.312015,17
2025,2025-09-23 17:00:00 PDT,18,40.56044,100,0.4056044,Mookie Betts,605141,0.312015,18
2025,2025-09-22 17:00:00 PDT,19,40.95944,100,0.4095944,Mookie Betts,605141,0.312015,19
2025,2025-09-22 17:00:00 PDT,20,40.95944,100,0.4095944,Mookie Betts,605141,0.312015,20
2025,2025-09-22 17:00:00 PDT,21,40.93344,100,0.4093344,Mookie Betts,605141,0.312015,21
2025,2025-09-22 17:00:00 PDT,22,41.62512,100,0.4162512,Mookie Betts,605141,0.312015,22
2025,2025-09-20 17:00:00 PDT,23,41.47312,100,0.4147312,Mookie Betts,605141,0.312015,23
2025,2025-09-20 17:00:00 PDT,24,41.25512,100,0.4125512,Mookie Betts,605141,0.312015,24
2025,2025-09-20 17:00:00 PDT,25,41.07712,100,0.4107712,Mookie Betts,605141,0.312015,25
2025,2025-09-20 17:00:00 PDT,26,41.58180,100,0.415818,Mookie Betts,605141,0.312015,26
2025,2025-09-19 17:00:00 PDT,27,41.66980,100,0.416698,Mookie Betts,605141,0.312015,27
2025,2025-09-19 17:00:00 PDT,28,41.79780,100,0.417978,Mookie Betts,605141,0.312015,28
2025,2025-09-19 17:00:00 PDT,29,41.60348,100,0.4160348,Mookie Betts,605141,0.312015,29
2025,2025-09-19 17:00:00 PDT,30,41.58880,100,0.415888,Mookie Betts,605141,0.312015,30
2025,2025-09-19 17:00:00 PDT,31,41.34312,100,0.4134312,Mookie Betts,605141,0.312015,31
2025,2025-09-18 17:00:00 PDT,32,41.42412,100,0.4142412,Mookie Betts,605141,0.312015,32
2025,2025-09-18 17:00:00 PDT,33,41.99012,100,0.4199012,Mookie Betts,605141,0.312015,33
2025,2025-09-18 17:00:00 PDT,34,41.80212,100,0.4180212,Mookie Betts,605141,0.312015,34
2025,2025-09-18 17:00:00 PDT,35,42.59312,100,0.4259312,Mookie Betts,605141,0.312015,35
2025,2025-09-17 17:00:00 PDT,36,42.51412,100,0.4251412,Mookie Betts,605141,0.312015,36
2025,2025-09-17 17:00:00 PDT,37,43.16480,100,0.431648,Mookie Betts,605141,0.312015,37
2025,2025-09-17 17:00:00 PDT,38,43.89180,100,0.438918,Mookie Betts,605141,0.312015,38
2025,2025-09-17 17:00:00 PDT,39,44.05980,100,0.440598,Mookie Betts,605141,0.312015,39
2025,2025-09-16 17:00:00 PDT,40,43.44712,100,0.4344712,Mookie Betts,605141,0.312015,40
2025,2025-09-16 17:00:00 PDT,41,43.29012,100,0.4329012,Mookie Betts,605141,0.312015,41
2025,2025-09-16 17:00:00 PDT,42,42.73012,100,0.4273012,Mookie Betts,605141,0.312015,42
2025,2025-09-16 17:00:00 PDT,43,43.61612,100,0.4361612,Mookie Betts,605141,0.312015,43
2025,2025-09-15 17:00:00 PDT,44,43.71812,100,0.4371812,Mookie Betts,605141,0.312015,44
2025,2025-09-15 17:00:00 PDT,45,43.81712,100,0.4381712,Mookie Betts,605141,0.312015,45
2025,2025-09-15 17:00:00 PDT,46,43.57612,100,0.4357612,Mookie Betts,605141,0.312015,46
2025,2025-09-15 17:00:00 PDT,47,43.52780,100,0.435278,Mookie Betts,605141,0.312015,47
2025,2025-09-14 17:00:00 PDT,48,43.70880,100,0.437088,Mookie Betts,605141,0.312015,48
2025,2025-09-14 17:00:00 PDT,49,44.44980,100,0.444498,Mookie Betts,605141,0.312015,49
2025,2025-09-14 17:00:00 PDT,50,44.60880,100,0.446088,Mookie Betts,605141,0.312015,50
2025,2025-09-14 17:00:00 PDT,51,45.19148,100,0.4519148,Mookie Betts,605141,0.312015,51
2025,2025-09-14 17:00:00 PDT,52,45.13048,100,0.4513048,Mookie Betts,605141,0.312015,52
2025,2025-09-13 17:00:00 PDT,53,45.67848,100,0.4567848,Mookie Betts,605141,0.312015,53
2025,2025-09-13 17:00:00 PDT,54,44.89048,100,0.4489048,Mookie Betts,605141,0.312015,54
2025,2025-09-13 17:00:00 PDT,55,44.67048,100,0.4467048,Mookie Betts,605141,0.312015,55
2025,2025-09-13 17:00:00 PDT,56,44.09080,100,0.440908,Mookie Betts,605141,0.312015,56
2025,2025-09-13 17:00:00 PDT,57,43.97780,100,0.439778,Mookie Betts,605141,0.312015,57
2025,2025-09-12 17:00:00 PDT,58,43.87480,100,0.438748,Mookie Betts,605141,0.312015,58
2025,2025-09-12 17:00:00 PDT,59,43.87380,100,0.438738,Mookie Betts,605141,0.312015,59
2025,2025-09-12 17:00:00 PDT,60,43.82380,100,0.438238,Mookie Betts,605141,0.312015,60
2025,2025-09-12 17:00:00 PDT,61,43.82080,100,0.438208,Mookie Betts,605141,0.312015,61
2025,2025-09-12 17:00:00 PDT,62,44.33912,100,0.4433912,Mookie Betts,605141,0.312015,62
2025,2025-09-12 17:00:00 PDT,63,43.92412,100,0.4392412,Mookie Betts,605141,0.312015,63
2025,2025-09-11 17:00:00 PDT,64,43.68112,100,0.4368112,Mookie Betts,605141,0.312015,64
2025,2025-09-11 17:00:00 PDT,65,44.36980,100,0.443698,Mookie Betts,605141,0.312015,65
2025,2025-09-11 17:00:00 PDT,66,44.62180,100,0.446218,Mookie Betts,605141,0.312015,66
2025,2025-09-11 17:00:00 PDT,67,44.76780,100,0.447678,Mookie Betts,605141,0.312015,67
2025,2025-09-11 17:00:00 PDT,68,44.77780,100,0.447778,Mookie Betts,605141,0.312015,68
2025,2025-09-09 17:00:00 PDT,69,44.77780,100,0.447778,Mookie Betts,605141,0.312015,69
2025,2025-09-09 17:00:00 PDT,70,43.45480,100,0.434548,Mookie Betts,605141,0.312015,70
2025,2025-09-09 17:00:00 PDT,71,43.09080,100,0.430908,Mookie Betts,605141,0.312015,71
2025,2025-09-09 17:00:00 PDT,72,42.33180,100,0.423318,Mookie Betts,605141,0.312015,72
2025,2025-09-09 17:00:00 PDT,73,41.93380,100,0.419338,Mookie Betts,605141,0.312015,73
2025,2025-09-08 17:00:00 PDT,74,42.39980,100,0.423998,Mookie Betts,605141,0.312015,74
2025,2025-09-08 17:00:00 PDT,75,42.83580,100,0.428358,Mookie Betts,605141,0.312015,75
2025,2025-09-08 17:00:00 PDT,76,42.88180,100,0.428818,Mookie Betts,605141,0.312015,76
2025,2025-09-08 17:00:00 PDT,77,42.13880,100,0.421388,Mookie Betts,605141,0.312015,77
2025,2025-09-07 17:00:00 PDT,78,41.87880,100,0.418788,Mookie Betts,605141,0.312015,78
2025,2025-09-07 17:00:00 PDT,79,41.05780,100,0.410578,Mookie Betts,605141,0.312015,79
2025,2025-09-07 17:00:00 PDT,80,41.05480,100,0.410548,Mookie Betts,605141,0.312015,80
2025,2025-09-07 17:00:00 PDT,81,41.34680,100,0.413468,Mookie Betts,605141,0.312015,81
2025,2025-09-06 17:00:00 PDT,82,41.32380,100,0.413238,Mookie Betts,605141,0.312015,82
2025,2025-09-06 17:00:00 PDT,83,40.172269,100,0.40172269,Mookie Betts,605141,0.312015,83
2025,2025-09-06 17:00:00 PDT,84,40.468269,100,0.40468269,Mookie Betts,605141,0.312015,84
2025,2025-09-06 17:00:00 PDT,85,40.621269,100,0.40621269,Mookie Betts,605141,0.312015,85
2025,2025-09-06 17:00:00 PDT,86,38.802269,100,0.38802269,Mookie Betts,605141,0.312015,86
2025,2025-09-05 17:00:00 PDT,87,39.205269,100,0.39205269,Mookie Betts,605141,0.312015,87
2025,2025-09-05 17:00:00 PDT,88,39.298269,100,0.39298269,Mookie Betts,605141,0.312015,88
2025,2025-09-05 17:00:00 PDT,89,38.736269,100,0.38736269,Mookie Betts,605141,0.312015,89
2025,2025-09-05 17:00:00 PDT,90,38.541269,100,0.38541269,Mookie Betts,605141,0.312015,90
2025,2025-09-05 17:00:00 PDT,91,38.985269,100,0.38985269,Mookie Betts,605141,0.312015,91
2025,2025-09-04 17:00:00 PDT,92,39.885269,100,0.39885269,Mookie Betts,605141,0.312015,92
2025,2025-09-04 17:00:00 PDT,93,40.115949,100,0.40115949,Mookie Betts,605141,0.312015,93
2025,2025-09-04 17:00:00 PDT,94,39.399949,100,0.39399949,Mookie Betts,605141,0.312015,94
2025,2025-09-04 17:00:00 PDT,95,39.943949,100,0.39943949,Mookie Betts,605141,0.312015,95
2025,2025-09-03 17:00:00 PDT,96,39.959949,100,0.39959949,Mookie Betts,605141,0.312015,96
2025,2025-09-03 17:00:00 PDT,97,38.146949,100,0.38146949,Mookie Betts,605141,0.312015,97
2025,2025-09-03 17:00:00 PDT,98,38.354949,100,0.38354949,Mookie Betts,605141,0.312015,98
2025,2025-09-03 17:00:00 PDT,99,38.030949,100,0.38030949,Mookie Betts,605141,0.312015,99
2025,2025-09-02 17:00:00 PDT,100,38.960949,100,0.38960949,Mookie Betts,605141,0.312015,100
2025,2025-09-26 17:00:00 PDT,1,27.675829,100,0.27675829,Tommy Edman,669242,0.312015,1
2025,2025-09-26 17:00:00 PDT,2,27.730829,100,0.27730829,Tommy Edman,669242,0.312015,2
2025,2025-09-26 17:00:00 PDT,3,28.327829,100,0.28327829,Tommy Edman,669242,0.312015,3
2025,2025-09-26 17:00:00 PDT,4,28.927829,100,0.28927829,Tommy Edman,669242,0.312015,4
2025,2025-09-26 17:00:00 PDT,5,29.540298,100,0.29540298,Tommy Edman,669242,0.312015,5
2025,2025-09-23 17:00:00 PDT,6,29.530298,100,0.29530298,Tommy Edman,669242,0.312015,6
2025,2025-09-23 17:00:00 PDT,7,28.992298,100,0.28992298,Tommy Edman,669242,0.312015,7
2025,2025-09-23 17:00:00 PDT,8,28.685298,100,0.28685298,Tommy Edman,669242,0.312015,8
2025,2025-09-23 17:00:00 PDT,9,28.812978,100,0.28812978,Tommy Edman,669242,0.312015,9
2025,2025-09-23 17:00:00 PDT,10,28.751658,100,0.28751658,Tommy Edman,669242,0.312015,10
2025,2025-09-22 17:00:00 PDT,11,28.447658,100,0.28447658,Tommy Edman,669242,0.312015,11
2025,2025-09-22 17:00:00 PDT,12,28.077658,100,0.28077658,Tommy Edman,669242,0.312015,12
2025,2025-09-22 17:00:00 PDT,13,28.162658,100,0.28162658,Tommy Edman,669242,0.312015,13
2025,2025-09-22 17:00:00 PDT,14,28.596658,100,0.28596658,Tommy Edman,669242,0.312015,14
2025,2025-09-20 17:00:00 PDT,15,28.911658,100,0.28911658,Tommy Edman,669242,0.312015,15
2025,2025-09-19 17:00:00 PDT,16,28.760658,100,0.28760658,Tommy Edman,669242,0.312015,16
2025,2025-09-19 17:00:00 PDT,17,29.125338,100,0.29125338,Tommy Edman,669242,0.312015,17
2025,2025-09-19 17:00:00 PDT,18,28.640338,100,0.28640338,Tommy Edman,669242,0.312015,18
2025,2025-09-19 17:00:00 PDT,19,28.635338,100,0.28635338,Tommy Edman,669242,0.312015,19
2025,2025-09-18 17:00:00 PDT,20,28.798018,100,0.28798018,Tommy Edman,669242,0.312015,20
2025,2025-09-18 17:00:00 PDT,21,28.503018,100,0.28503018,Tommy Edman,669242,0.312015,21
2025,2025-09-18 17:00:00 PDT,22,28.496018,100,0.28496018,Tommy Edman,669242,0.312015,22
2025,2025-09-18 17:00:00 PDT,23,28.525018,100,0.28525018,Tommy Edman,669242,0.312015,23
2025,2025-09-16 17:00:00 PDT,24,29.210698,100,0.29210698,Tommy Edman,669242,0.312015,24
2025,2025-09-16 17:00:00 PDT,25,28.963698,100,0.28963698,Tommy Edman,669242,0.312015,25
2025,2025-09-16 17:00:00 PDT,26,28.392698,100,0.28392698,Tommy Edman,669242,0.312015,26
2025,2025-09-16 17:00:00 PDT,27,28.578698,100,0.28578698,Tommy Edman,669242,0.312015,27
2025,2025-09-15 17:00:00 PDT,28,28.958698,100,0.28958698,Tommy Edman,669242,0.312015,28
2025,2025-09-15 17:00:00 PDT,29,28.665698,100,0.28665698,Tommy Edman,669242,0.312015,29
2025,2025-09-15 17:00:00 PDT,30,28.430698,100,0.28430698,Tommy Edman,669242,0.312015,30
2025,2025-09-15 17:00:00 PDT,31,28.340698,100,0.28340698,Tommy Edman,669242,0.312015,31
2025,2025-09-13 17:00:00 PDT,32,28.635378,100,0.28635378,Tommy Edman,669242,0.312015,32
2025,2025-09-13 17:00:00 PDT,33,28.523378,100,0.28523378,Tommy Edman,669242,0.312015,33
2025,2025-09-13 17:00:00 PDT,34,28.186378,100,0.28186378,Tommy Edman,669242,0.312015,34
2025,2025-09-13 17:00:00 PDT,35,27.998378,100,0.27998378,Tommy Edman,669242,0.312015,35
2025,2025-09-13 17:00:00 PDT,36,27.306698,100,0.27306698,Tommy Edman,669242,0.312015,36
2025,2025-09-13 17:00:00 PDT,37,27.108698,100,0.27108698,Tommy Edman,669242,0.312015,37
2025,2025-09-11 17:00:00 PDT,38,27.269698,100,0.27269698,Tommy Edman,669242,0.312015,38
2025,2025-09-11 17:00:00 PDT,39,27.591698,100,0.27591698,Tommy Edman,669242,0.312015,39
2025,2025-09-11 17:00:00 PDT,40,27.005698,100,0.27005698,Tommy Edman,669242,0.312015,40
2025,2025-09-11 17:00:00 PDT,41,26.362698,100,0.26362698,Tommy Edman,669242,0.312015,41
2025,2025-09-09 17:00:00 PDT,42,26.482698,100,0.26482698,Tommy Edman,669242,0.312015,42
2025,2025-09-09 17:00:00 PDT,43,26.055698,100,0.26055698,Tommy Edman,669242,0.312015,43
2025,2025-09-09 17:00:00 PDT,44,26.005698,100,0.26005698,Tommy Edman,669242,0.312015,44
2025,2025-09-09 17:00:00 PDT,45,26.366698,100,0.26366698,Tommy Edman,669242,0.312015,45
2025,2025-08-02 17:00:00 PDT,46,26.253698,100,0.26253698,Tommy Edman,669242,0.312015,46
2025,2025-08-02 17:00:00 PDT,47,26.031698,100,0.26031698,Tommy Edman,669242,0.312015,47
2025,2025-07-31 17:00:00 PDT,48,25.800698,100,0.25800698,Tommy Edman,669242,0.312015,48
2025,2025-07-31 17:00:00 PDT,49,25.803698,100,0.25803698,Tommy Edman,669242,0.312015,49
2025,2025-07-31 17:00:00 PDT,50,26.641698,100,0.26641698,Tommy Edman,669242,0.312015,50
2025,2025-07-31 17:00:00 PDT,51,27.207167,100,0.27207167,Tommy Edman,669242,0.312015,51
2025,2025-07-28 17:00:00 PDT,52,27.369167,100,0.27369167,Tommy Edman,669242,0.312015,52
2025,2025-07-28 17:00:00 PDT,53,27.354167,100,0.27354167,Tommy Edman,669242,0.312015,53
2025,2025-07-28 17:00:00 PDT,54,27.223167,100,0.27223167,Tommy Edman,669242,0.312015,54
2025,2025-07-28 17:00:00 PDT,55,27.758167,100,0.27758167,Tommy Edman,669242,0.312015,55
2025,2025-07-26 17:00:00 PDT,56,28.414167,100,0.28414167,Tommy Edman,669242,0.312015,56
2025,2025-07-26 17:00:00 PDT,57,29.048847,100,0.29048847,Tommy Edman,669242,0.312015,57
2025,2025-07-26 17:00:00 PDT,58,29.018058,100,0.29018058,Tommy Edman,669242,0.312015,58
2025,2025-07-26 17:00:00 PDT,59,29.259378,100,0.29259378,Tommy Edman,669242,0.312015,59
2025,2025-07-26 17:00:00 PDT,60,28.815378,100,0.28815378,Tommy Edman,669242,0.312015,60
2025,2025-07-25 17:00:00 PDT,61,29.348378,100,0.29348378,Tommy Edman,669242,0.312015,61
2025,2025-07-25 17:00:00 PDT,62,30.116378,100,0.30116378,Tommy Edman,669242,0.312015,62
2025,2025-07-25 17:00:00 PDT,63,30.466378,100,0.30466378,Tommy Edman,669242,0.312015,63
2025,2025-07-25 17:00:00 PDT,64,30.258058,100,0.30258058,Tommy Edman,669242,0.312015,64
2025,2025-07-24 17:00:00 PDT,65,30.756058,100,0.30756058,Tommy Edman,669242,0.312015,65
2025,2025-07-24 17:00:00 PDT,66,31.078058,100,0.31078058,Tommy Edman,669242,0.312015,66
2025,2025-07-24 17:00:00 PDT,67,31.575058,100,0.31575058,Tommy Edman,669242,0.312015,67
2025,2025-07-24 17:00:00 PDT,68,31.655058,100,0.31655058,Tommy Edman,669242,0.312015,68
2025,2025-07-22 17:00:00 PDT,69,31.389058,100,0.31389058,Tommy Edman,669242,0.312015,69
2025,2025-07-22 17:00:00 PDT,70,31.959058,100,0.31959058,Tommy Edman,669242,0.312015,70
2025,2025-07-22 17:00:00 PDT,71,31.394058,100,0.31394058,Tommy Edman,669242,0.312015,71
2025,2025-07-22 17:00:00 PDT,72,30.953058,100,0.30953058,Tommy Edman,669242,0.312015,72
2025,2025-07-20 17:00:00 PDT,73,30.624058,100,0.30624058,Tommy Edman,669242,0.312015,73
2025,2025-07-20 17:00:00 PDT,74,31.885058,100,0.31885058,Tommy Edman,669242,0.312015,74
2025,2025-07-19 17:00:00 PDT,75,31.932058,100,0.31932058,Tommy Edman,669242,0.312015,75
2025,2025-07-19 17:00:00 PDT,76,31.691058,100,0.31691058,Tommy Edman,669242,0.312015,76
2025,2025-07-19 17:00:00 PDT,77,31.809058,100,0.31809058,Tommy Edman,669242,0.312015,77
2025,2025-07-19 17:00:00 PDT,78,32.559058,100,0.32559058,Tommy Edman,669242,0.312015,78
2025,2025-07-18 17:00:00 PDT,79,32.317738,100,0.32317738,Tommy Edman,669242,0.312015,79
2025,2025-07-18 17:00:00 PDT,80,32.262738,100,0.32262738,Tommy Edman,669242,0.312015,80
2025,2025-07-18 17:00:00 PDT,81,31.830738,100,0.31830738,Tommy Edman,669242,0.312015,81
2025,2025-07-18 17:00:00 PDT,82,32.332738,100,0.32332738,Tommy Edman,669242,0.312015,82
2025,2025-07-17 17:00:00 PDT,83,32.413738,100,0.32413738,Tommy Edman,669242,0.312015,83
2025,2025-07-17 17:00:00 PDT,84,32.240738,100,0.32240738,Tommy Edman,669242,0.312015,84
2025,2025-07-17 17:00:00 PDT,85,33.138738,100,0.33138738,Tommy Edman,669242,0.312015,85
2025,2025-07-12 17:00:00 PDT,86,33.395738,100,0.33395738,Tommy Edman,669242,0.312015,86
2025,2025-07-12 17:00:00 PDT,87,33.455738,100,0.33455738,Tommy Edman,669242,0.312015,87
2025,2025-07-12 17:00:00 PDT,88,32.986738,100,0.32986738,Tommy Edman,669242,0.312015,88
2025,2025-07-12 17:00:00 PDT,89,33.118738,100,0.33118738,Tommy Edman,669242,0.312015,89
2025,2025-07-12 17:00:00 PDT,90,33.626738,100,0.33626738,Tommy Edman,669242,0.312015,90
2025,2025-07-11 17:00:00 PDT,91,33.673738,100,0.33673738,Tommy Edman,669242,0.312015,91
2025,2025-07-11 17:00:00 PDT,92,33.651738,100,0.33651738,Tommy Edman,669242,0.312015,92
2025,2025-07-11 17:00:00 PDT,93,33.455738,100,0.33455738,Tommy Edman,669242,0.312015,93
2025,2025-07-11 17:00:00 PDT,94,33.457738,100,0.33457738,Tommy Edman,669242,0.312015,94
2025,2025-07-10 17:00:00 PDT,95,33.430738,100,0.33430738,Tommy Edman,669242,0.312015,95
2025,2025-07-10 17:00:00 PDT,96,33.513738,100,0.33513738,Tommy Edman,669242,0.312015,96
2025,2025-07-10 17:00:00 PDT,97,33.650738,100,0.33650738,Tommy Edman,669242,0.312015,97
2025,2025-07-10 17:00:00 PDT,98,33.529738,100,0.33529738,Tommy Edman,669242,0.312015,98
2025,2025-07-08 17:00:00 PDT,99,33.060738,100,0.33060738,Tommy Edman,669242,0.312015,99
2025,2025-07-08 17:00:00 PDT,100,33.328738,100,0.33328738,Tommy Edman,669242,0.312015,100
2025,2025-09-27 17:00:00 PDT,1,45.56952,100,0.4556952,Shohei Ohtani,660271,0.312015,1
2025,2025-09-27 17:00:00 PDT,2,45.56952,100,0.4556952,Shohei Ohtani,660271,0.312015,2
2025,2025-09-27 17:00:00 PDT,3,43.63452,100,0.4363452,Shohei Ohtani,660271,0.312015,3
2025,2025-09-27 17:00:00 PDT,4,45.32952,100,0.4532952,Shohei Ohtani,660271,0.312015,4
2025,2025-09-27 17:00:00 PDT,5,45.11852,100,0.4511852,Shohei Ohtani,660271,0.312015,5
2025,2025-09-25 17:00:00 PDT,6,46.61552,100,0.4661552,Shohei Ohtani,660271,0.312015,6
2025,2025-09-25 17:00:00 PDT,7,46.61952,100,0.4661952,Shohei Ohtani,660271,0.312015,7
2025,2025-09-25 17:00:00 PDT,8,46.44852,100,0.4644852,Shohei Ohtani,660271,0.312015,8
2025,2025-09-25 17:00:00 PDT,9,46.18084,100,0.4618084,Shohei Ohtani,660271,0.312015,9
2025,2025-09-24 17:00:00 PDT,10,46.18084,100,0.4618084,Shohei Ohtani,660271,0.312015,10
2025,2025-09-24 17:00:00 PDT,11,47.05884,100,0.4705884,Shohei Ohtani,660271,0.312015,11
2025,2025-09-24 17:00:00 PDT,12,47.40852,100,0.4740852,Shohei Ohtani,660271,0.312015,12
2025,2025-09-24 17:00:00 PDT,13,46.15452,100,0.4615452,Shohei Ohtani,660271,0.312015,13
2025,2025-09-24 17:00:00 PDT,14,46.15452,100,0.4615452,Shohei Ohtani,660271,0.312015,14
2025,2025-09-23 17:00:00 PDT,15,45.38752,100,0.4538752,Shohei Ohtani,660271,0.312015,15
2025,2025-09-23 17:00:00 PDT,16,45.51552,100,0.4551552,Shohei Ohtani,660271,0.312015,16
2025,2025-09-23 17:00:00 PDT,17,45.24952,100,0.4524952,Shohei Ohtani,660271,0.312015,17
2025,2025-09-23 17:00:00 PDT,18,45.26152,100,0.4526152,Shohei Ohtani,660271,0.312015,18
2025,2025-09-23 17:00:00 PDT,19,45.95320,100,0.459532,Shohei Ohtani,660271,0.312015,19
2025,2025-09-22 17:00:00 PDT,20,44.63020,100,0.446302,Shohei Ohtani,660271,0.312015,20
2025,2025-09-22 17:00:00 PDT,21,45.37420,100,0.453742,Shohei Ohtani,660271,0.312015,21
2025,2025-09-22 17:00:00 PDT,22,44.91952,100,0.4491952,Shohei Ohtani,660271,0.312015,22
2025,2025-09-22 17:00:00 PDT,23,45.51952,100,0.4551952,Shohei Ohtani,660271,0.312015,23
2025,2025-09-20 17:00:00 PDT,24,45.99652,100,0.4599652,Shohei Ohtani,660271,0.312015,24
2025,2025-09-20 17:00:00 PDT,25,45.99652,100,0.4599652,Shohei Ohtani,660271,0.312015,25
2025,2025-09-20 17:00:00 PDT,26,45.67252,100,0.4567252,Shohei Ohtani,660271,0.312015,26
2025,2025-09-20 17:00:00 PDT,27,45.42952,100,0.4542952,Shohei Ohtani,660271,0.312015,27
2025,2025-09-19 17:00:00 PDT,28,46.12120,100,0.461212,Shohei Ohtani,660271,0.312015,28
2025,2025-09-19 17:00:00 PDT,29,44.34520,100,0.443452,Shohei Ohtani,660271,0.312015,29
2025,2025-09-19 17:00:00 PDT,30,43.99452,100,0.4399452,Shohei Ohtani,660271,0.312015,30
2025,2025-09-19 17:00:00 PDT,31,44.09552,100,0.4409552,Shohei Ohtani,660271,0.312015,31
2025,2025-09-18 17:00:00 PDT,32,44.78720,100,0.447872,Shohei Ohtani,660271,0.312015,32
2025,2025-09-18 17:00:00 PDT,33,44.81420,100,0.448142,Shohei Ohtani,660271,0.312015,33
2025,2025-09-18 17:00:00 PDT,34,45.79220,100,0.457922,Shohei Ohtani,660271,0.312015,34
2025,2025-09-18 17:00:00 PDT,35,45.06820,100,0.450682,Shohei Ohtani,660271,0.312015,35
2025,2025-09-17 17:00:00 PDT,36,45.46420,100,0.454642,Shohei Ohtani,660271,0.312015,36
2025,2025-09-17 17:00:00 PDT,37,44.72520,100,0.447252,Shohei Ohtani,660271,0.312015,37
2025,2025-09-17 17:00:00 PDT,38,43.61688,100,0.4361688,Shohei Ohtani,660271,0.312015,38
2025,2025-09-17 17:00:00 PDT,39,43.20888,100,0.4320888,Shohei Ohtani,660271,0.312015,39
2025,2025-09-16 17:00:00 PDT,40,44.10388,100,0.4410388,Shohei Ohtani,660271,0.312015,40
2025,2025-09-16 17:00:00 PDT,41,42.98988,100,0.4298988,Shohei Ohtani,660271,0.312015,41
2025,2025-09-16 17:00:00 PDT,42,42.98988,100,0.4298988,Shohei Ohtani,660271,0.312015,42
2025,2025-09-16 17:00:00 PDT,43,44.33988,100,0.4433988,Shohei Ohtani,660271,0.312015,43
2025,2025-09-15 17:00:00 PDT,44,44.93256,100,0.4493256,Shohei Ohtani,660271,0.312015,44
2025,2025-09-15 17:00:00 PDT,45,46.50356,100,0.4650356,Shohei Ohtani,660271,0.312015,45
2025,2025-09-15 17:00:00 PDT,46,44.95556,100,0.4495556,Shohei Ohtani,660271,0.312015,46
2025,2025-09-15 17:00:00 PDT,47,45.64724,100,0.4564724,Shohei Ohtani,660271,0.312015,47
2025,2025-09-15 17:00:00 PDT,48,45.65024,100,0.4565024,Shohei Ohtani,660271,0.312015,48
2025,2025-09-14 17:00:00 PDT,49,46.08124,100,0.4608124,Shohei Ohtani,660271,0.312015,49
2025,2025-09-14 17:00:00 PDT,50,45.38956,100,0.4538956,Shohei Ohtani,660271,0.312015,50
2025,2025-09-14 17:00:00 PDT,51,45.46456,100,0.4546456,Shohei Ohtani,660271,0.312015,51
2025,2025-09-14 17:00:00 PDT,52,45.07056,100,0.4507056,Shohei Ohtani,660271,0.312015,52
2025,2025-09-14 17:00:00 PDT,53,45.07056,100,0.4507056,Shohei Ohtani,660271,0.312015,53
2025,2025-09-13 17:00:00 PDT,54,46.65956,100,0.4665956,Shohei Ohtani,660271,0.312015,54
2025,2025-09-13 17:00:00 PDT,55,46.65056,100,0.4665056,Shohei Ohtani,660271,0.312015,55
2025,2025-09-13 17:00:00 PDT,56,45.42956,100,0.4542956,Shohei Ohtani,660271,0.312015,56
2025,2025-09-13 17:00:00 PDT,57,45.62456,100,0.4562456,Shohei Ohtani,660271,0.312015,57
2025,2025-09-13 17:00:00 PDT,58,46.23656,100,0.4623656,Shohei Ohtani,660271,0.312015,58
2025,2025-09-13 17:00:00 PDT,59,47.14456,100,0.4714456,Shohei Ohtani,660271,0.312015,59
2025,2025-09-12 17:00:00 PDT,60,48.39956,100,0.4839956,Shohei Ohtani,660271,0.312015,60
2025,2025-09-12 17:00:00 PDT,61,48.20156,100,0.4820156,Shohei Ohtani,660271,0.312015,61
2025,2025-09-12 17:00:00 PDT,62,48.71956,100,0.4871956,Shohei Ohtani,660271,0.312015,62
2025,2025-09-12 17:00:00 PDT,63,49.45656,100,0.4945656,Shohei Ohtani,660271,0.312015,63
2025,2025-09-12 17:00:00 PDT,64,47.45956,100,0.4745956,Shohei Ohtani,660271,0.312015,64
2025,2025-09-11 17:00:00 PDT,65,48.06156,100,0.4806156,Shohei Ohtani,660271,0.312015,65
2025,2025-09-11 17:00:00 PDT,66,48.71724,100,0.4871724,Shohei Ohtani,660271,0.312015,66
2025,2025-09-11 17:00:00 PDT,67,48.71724,100,0.4871724,Shohei Ohtani,660271,0.312015,67
2025,2025-09-09 17:00:00 PDT,68,48.47424,100,0.4847424,Shohei Ohtani,660271,0.312015,68
2025,2025-09-09 17:00:00 PDT,69,48.47424,100,0.4847424,Shohei Ohtani,660271,0.312015,69
2025,2025-09-09 17:00:00 PDT,70,48.58224,100,0.4858224,Shohei Ohtani,660271,0.312015,70
2025,2025-09-09 17:00:00 PDT,71,49.37024,100,0.4937024,Shohei Ohtani,660271,0.312015,71
2025,2025-09-08 17:00:00 PDT,72,48.63524,100,0.4863524,Shohei Ohtani,660271,0.312015,72
2025,2025-09-08 17:00:00 PDT,73,48.57124,100,0.4857124,Shohei Ohtani,660271,0.312015,73
2025,2025-09-08 17:00:00 PDT,74,48.83192,100,0.4883192,Shohei Ohtani,660271,0.312015,74
2025,2025-09-08 17:00:00 PDT,75,48.14024,100,0.4814024,Shohei Ohtani,660271,0.312015,75
2025,2025-09-07 17:00:00 PDT,76,48.85824,100,0.4885824,Shohei Ohtani,660271,0.312015,76
2025,2025-09-07 17:00:00 PDT,77,50.01924,100,0.5001924,Shohei Ohtani,660271,0.312015,77
2025,2025-09-07 17:00:00 PDT,78,49.77956,100,0.4977956,Shohei Ohtani,660271,0.312015,78
2025,2025-09-07 17:00:00 PDT,79,49.77956,100,0.4977956,Shohei Ohtani,660271,0.312015,79
2025,2025-09-06 17:00:00 PDT,80,50.47124,100,0.5047124,Shohei Ohtani,660271,0.312015,80
2025,2025-09-06 17:00:00 PDT,81,50.47124,100,0.5047124,Shohei Ohtani,660271,0.312015,81
2025,2025-09-06 17:00:00 PDT,82,50.52856,100,0.5052856,Shohei Ohtani,660271,0.312015,82
2025,2025-09-06 17:00:00 PDT,83,50.52856,100,0.5052856,Shohei Ohtani,660271,0.312015,83
2025,2025-09-06 17:00:00 PDT,84,48.55956,100,0.4855956,Shohei Ohtani,660271,0.312015,84
2025,2025-09-05 17:00:00 PDT,85,46.86456,100,0.4686456,Shohei Ohtani,660271,0.312015,85
2025,2025-09-05 17:00:00 PDT,86,46.77156,100,0.4677156,Shohei Ohtani,660271,0.312015,86
2025,2025-09-05 17:00:00 PDT,87,47.18056,100,0.4718056,Shohei Ohtani,660271,0.312015,87
2025,2025-09-05 17:00:00 PDT,88,47.18056,100,0.4718056,Shohei Ohtani,660271,0.312015,88
2025,2025-09-05 17:00:00 PDT,89,48.92456,100,0.4892456,Shohei Ohtani,660271,0.312015,89
2025,2025-09-04 17:00:00 PDT,90,48.39856,100,0.4839856,Shohei Ohtani,660271,0.312015,90
2025,2025-09-04 17:00:00 PDT,91,50.08456,100,0.5008456,Shohei Ohtani,660271,0.312015,91
2025,2025-09-04 17:00:00 PDT,92,50.53356,100,0.5053356,Shohei Ohtani,660271,0.312015,92
2025,2025-09-04 17:00:00 PDT,93,49.84188,100,0.4984188,Shohei Ohtani,660271,0.312015,93
2025,2025-09-03 17:00:00 PDT,94,49.84188,100,0.4984188,Shohei Ohtani,660271,0.312015,94
2025,2025-09-03 17:00:00 PDT,95,49.86188,100,0.4986188,Shohei Ohtani,660271,0.312015,95
2025,2025-09-03 17:00:00 PDT,96,50.53888,100,0.5053888,Shohei Ohtani,660271,0.312015,96
2025,2025-09-03 17:00:00 PDT,97,49.92020,100,0.499202,Shohei Ohtani,660271,0.312015,97
2025,2025-09-02 17:00:00 PDT,98,50.51820,100,0.505182,Shohei Ohtani,660271,0.312015,98
2025,2025-09-02 17:00:00 PDT,99,50.51820,100,0.505182,Shohei Ohtani,660271,0.312015,99
2025,2025-09-02 17:00:00 PDT,100,51.06688,100,0.5106688,Shohei Ohtani,660271,0.312015,100
2025,2025-09-27 17:00:00 PDT,1,36.06484,100,0.3606484,Michael Conforto,624424,0.312015,1
2025,2025-09-27 17:00:00 PDT,2,36.15584,100,0.3615584,Michael Conforto,624424,0.312015,2
2025,2025-09-27 17:00:00 PDT,3,36.06284,100,0.3606284,Michael Conforto,624424,0.312015,3
2025,2025-09-27 17:00:00 PDT,4,35.40816,100,0.3540816,Michael Conforto,624424,0.312015,4
2025,2025-09-26 17:00:00 PDT,5,34.71648,100,0.3471648,Michael Conforto,624424,0.312015,5
2025,2025-09-26 17:00:00 PDT,6,34.02480,100,0.340248,Michael Conforto,624424,0.312015,6
2025,2025-09-26 17:00:00 PDT,7,33.44180,100,0.334418,Michael Conforto,624424,0.312015,7
2025,2025-09-26 17:00:00 PDT,8,33.35180,100,0.333518,Michael Conforto,624424,0.312015,8
2025,2025-09-25 17:00:00 PDT,9,33.52280,100,0.335228,Michael Conforto,624424,0.312015,9
2025,2025-09-25 17:00:00 PDT,10,32.83112,100,0.3283112,Michael Conforto,624424,0.312015,10
2025,2025-09-25 17:00:00 PDT,11,33.45112,100,0.3345112,Michael Conforto,624424,0.312015,11
2025,2025-09-24 17:00:00 PDT,12,33.45112,100,0.3345112,Michael Conforto,624424,0.312015,12
2025,2025-09-24 17:00:00 PDT,13,33.25812,100,0.3325812,Michael Conforto,624424,0.312015,13
2025,2025-09-24 17:00:00 PDT,14,33.18212,100,0.3318212,Michael Conforto,624424,0.312015,14
2025,2025-09-24 17:00:00 PDT,15,31.86712,100,0.3186712,Michael Conforto,624424,0.312015,15
2025,2025-09-24 17:00:00 PDT,16,31.86712,100,0.3186712,Michael Conforto,624424,0.312015,16
2025,2025-09-22 17:00:00 PDT,17,31.17544,100,0.3117544,Michael Conforto,624424,0.312015,17
2025,2025-09-22 17:00:00 PDT,18,31.82712,100,0.3182712,Michael Conforto,624424,0.312015,18
2025,2025-09-22 17:00:00 PDT,19,32.32212,100,0.3232212,Michael Conforto,624424,0.312015,19
2025,2025-09-22 17:00:00 PDT,20,32.32212,100,0.3232212,Michael Conforto,624424,0.312015,20
2025,2025-09-20 17:00:00 PDT,21,32.30112,100,0.3230112,Michael Conforto,624424,0.312015,21
2025,2025-09-20 17:00:00 PDT,22,33.023589,100,0.33023589,Michael Conforto,624424,0.312015,22
2025,2025-09-20 17:00:00 PDT,23,33.447589,100,0.33447589,Michael Conforto,624424,0.312015,23
2025,2025-09-20 17:00:00 PDT,24,33.936269,100,0.33936269,Michael Conforto,624424,0.312015,24
2025,2025-09-19 17:00:00 PDT,25,34.412269,100,0.34412269,Michael Conforto,624424,0.312015,25
2025,2025-09-19 17:00:00 PDT,26,33.559269,100,0.33559269,Michael Conforto,624424,0.312015,26
2025,2025-09-19 17:00:00 PDT,27,32.893269,100,0.32893269,Michael Conforto,624424,0.312015,27
2025,2025-09-19 17:00:00 PDT,28,31.122269,100,0.31122269,Michael Conforto,624424,0.312015,28
2025,2025-09-17 17:00:00 PDT,29,31.611269,100,0.31611269,Michael Conforto,624424,0.312015,29
2025,2025-09-17 17:00:00 PDT,30,32.028269,100,0.32028269,Michael Conforto,624424,0.312015,30
2025,2025-09-17 17:00:00 PDT,31,31.857269,100,0.31857269,Michael Conforto,624424,0.312015,31
2025,2025-09-14 17:00:00 PDT,32,31.868269,100,0.31868269,Michael Conforto,624424,0.312015,32
2025,2025-09-14 17:00:00 PDT,33,31.753269,100,0.31753269,Michael Conforto,624424,0.312015,33
2025,2025-09-13 17:00:00 PDT,34,31.753269,100,0.31753269,Michael Conforto,624424,0.312015,34
2025,2025-09-13 17:00:00 PDT,35,31.827269,100,0.31827269,Michael Conforto,624424,0.312015,35
2025,2025-09-13 17:00:00 PDT,36,31.030269,100,0.31030269,Michael Conforto,624424,0.312015,36
2025,2025-09-13 17:00:00 PDT,37,30.836269,100,0.30836269,Michael Conforto,624424,0.312015,37
2025,2025-09-12 17:00:00 PDT,38,31.319269,100,0.31319269,Michael Conforto,624424,0.312015,38
2025,2025-09-12 17:00:00 PDT,39,31.319269,100,0.31319269,Michael Conforto,624424,0.312015,39
2025,2025-09-12 17:00:00 PDT,40,30.725589,100,0.30725589,Michael Conforto,624424,0.312015,40
2025,2025-09-12 17:00:00 PDT,41,30.825589,100,0.30825589,Michael Conforto,624424,0.312015,41
2025,2025-09-12 17:00:00 PDT,42,31.001589,100,0.31001589,Michael Conforto,624424,0.312015,42
2025,2025-09-11 17:00:00 PDT,43,30.777589,100,0.30777589,Michael Conforto,624424,0.312015,43
2025,2025-09-11 17:00:00 PDT,44,30.818589,100,0.30818589,Michael Conforto,624424,0.312015,44
2025,2025-09-11 17:00:00 PDT,45,28.964589,100,0.28964589,Michael Conforto,624424,0.312015,45
2025,2025-09-11 17:00:00 PDT,46,29.331589,100,0.29331589,Michael Conforto,624424,0.312015,46
2025,2025-09-08 17:00:00 PDT,47,29.446589,100,0.29446589,Michael Conforto,624424,0.312015,47
2025,2025-09-08 17:00:00 PDT,48,28.729589,100,0.28729589,Michael Conforto,624424,0.312015,48
2025,2025-09-08 17:00:00 PDT,49,29.110589,100,0.29110589,Michael Conforto,624424,0.312015,49
2025,2025-09-08 17:00:00 PDT,50,28.086589,100,0.28086589,Michael Conforto,624424,0.312015,50
2025,2025-09-07 17:00:00 PDT,51,28.581589,100,0.28581589,Michael Conforto,624424,0.312015,51
2025,2025-09-07 17:00:00 PDT,52,29.098269,100,0.29098269,Michael Conforto,624424,0.312015,52
2025,2025-09-07 17:00:00 PDT,53,29.678949,100,0.29678949,Michael Conforto,624424,0.312015,53
2025,2025-09-07 17:00:00 PDT,54,28.779949,100,0.28779949,Michael Conforto,624424,0.312015,54
2025,2025-09-06 17:00:00 PDT,55,29.677949,100,0.29677949,Michael Conforto,624424,0.312015,55
2025,2025-09-06 17:00:00 PDT,56,29.246949,100,0.29246949,Michael Conforto,624424,0.312015,56
2025,2025-09-06 17:00:00 PDT,57,28.569269,100,0.28569269,Michael Conforto,624424,0.312015,57
2025,2025-09-06 17:00:00 PDT,58,28.565949,100,0.28565949,Michael Conforto,624424,0.312015,58
2025,2025-09-06 17:00:00 PDT,59,29.212629,100,0.29212629,Michael Conforto,624424,0.312015,59
2025,2025-09-04 17:00:00 PDT,60,29.784629,100,0.29784629,Michael Conforto,624424,0.312015,60
2025,2025-09-04 17:00:00 PDT,61,30.201629,100,0.30201629,Michael Conforto,624424,0.312015,61
2025,2025-09-04 17:00:00 PDT,62,31.608629,100,0.31608629,Michael Conforto,624424,0.312015,62
2025,2025-09-04 17:00:00 PDT,63,31.148949,100,0.31148949,Michael Conforto,624424,0.312015,63
2025,2025-09-03 17:00:00 PDT,64,31.145949,100,0.31145949,Michael Conforto,624424,0.312015,64
2025,2025-09-03 17:00:00 PDT,65,31.787949,100,0.31787949,Michael Conforto,624424,0.312015,65
2025,2025-09-03 17:00:00 PDT,66,31.405949,100,0.31405949,Michael Conforto,624424,0.312015,66
2025,2025-09-03 17:00:00 PDT,67,31.881949,100,0.31881949,Michael Conforto,624424,0.312015,67
2025,2025-09-02 17:00:00 PDT,68,32.691949,100,0.32691949,Michael Conforto,624424,0.312015,68
2025,2025-09-01 17:00:00 PDT,69,32.912949,100,0.32912949,Michael Conforto,624424,0.312015,69
2025,2025-09-01 17:00:00 PDT,70,33.107949,100,0.33107949,Michael Conforto,624424,0.312015,70
2025,2025-09-01 17:00:00 PDT,71,33.225949,100,0.33225949,Michael Conforto,624424,0.312015,71
2025,2025-09-01 17:00:00 PDT,72,33.494949,100,0.33494949,Michael Conforto,624424,0.312015,72
2025,2025-08-30 17:00:00 PDT,73,33.511269,100,0.33511269,Michael Conforto,624424,0.312015,73
2025,2025-08-30 17:00:00 PDT,74,33.422589,100,0.33422589,Michael Conforto,624424,0.312015,74
2025,2025-08-28 17:00:00 PDT,75,33.276589,100,0.33276589,Michael Conforto,624424,0.312015,75
2025,2025-08-28 17:00:00 PDT,76,33.542269,100,0.33542269,Michael Conforto,624424,0.312015,76
2025,2025-08-26 17:00:00 PDT,77,33.698269,100,0.33698269,Michael Conforto,624424,0.312015,77
2025,2025-08-26 17:00:00 PDT,78,31.729269,100,0.31729269,Michael Conforto,624424,0.312015,78
2025,2025-08-26 17:00:00 PDT,79,31.080269,100,0.31080269,Michael Conforto,624424,0.312015,79
2025,2025-08-26 17:00:00 PDT,80,31.175269,100,0.31175269,Michael Conforto,624424,0.312015,80
2025,2025-08-25 17:00:00 PDT,81,31.175269,100,0.31175269,Michael Conforto,624424,0.312015,81
2025,2025-08-25 17:00:00 PDT,82,30.941269,100,0.30941269,Michael Conforto,624424,0.312015,82
2025,2025-08-24 17:00:00 PDT,83,30.845269,100,0.30845269,Michael Conforto,624424,0.312015,83
2025,2025-08-24 17:00:00 PDT,84,30.230269,100,0.30230269,Michael Conforto,624424,0.312015,84
2025,2025-08-24 17:00:00 PDT,85,31.141269,100,0.31141269,Michael Conforto,624424,0.312015,85
2025,2025-08-24 17:00:00 PDT,86,31.149269,100,0.31149269,Michael Conforto,624424,0.312015,86
2025,2025-08-23 17:00:00 PDT,87,31.460269,100,0.31460269,Michael Conforto,624424,0.312015,87
2025,2025-08-23 17:00:00 PDT,88,30.995589,100,0.30995589,Michael Conforto,624424,0.312015,88
2025,2025-08-23 17:00:00 PDT,89,31.758589,100,0.31758589,Michael Conforto,624424,0.312015,89
2025,2025-08-22 17:00:00 PDT,90,31.767589,100,0.31767589,Michael Conforto,624424,0.312015,90
2025,2025-08-21 17:00:00 PDT,91,31.767589,100,0.31767589,Michael Conforto,624424,0.312015,91
2025,2025-08-21 17:00:00 PDT,92,31.075909,100,0.31075909,Michael Conforto,624424,0.312015,92
2025,2025-08-21 17:00:00 PDT,93,31.009909,100,0.31009909,Michael Conforto,624424,0.312015,93
2025,2025-08-20 17:00:00 PDT,94,31.095909,100,0.31095909,Michael Conforto,624424,0.312015,94
2025,2025-08-20 17:00:00 PDT,95,31.095909,100,0.31095909,Michael Conforto,624424,0.312015,95
2025,2025-08-20 17:00:00 PDT,96,31.072909,100,0.31072909,Michael Conforto,624424,0.312015,96
2025,2025-08-20 17:00:00 PDT,97,30.518909,100,0.30518909,Michael Conforto,624424,0.312015,97
2025,2025-08-20 17:00:00 PDT,98,31.241378,100,0.31241378,Michael Conforto,624424,0.312015,98
2025,2025-08-19 17:00:00 PDT,99,30.712378,100,0.30712378,Michael Conforto,624424,0.312015,99
2025,2025-08-19 17:00:00 PDT,100,30.929378,100,0.30929378,Michael Conforto,624424,0.312015,100
2025,2025-09-26 17:00:00 PDT,1,29.80908,100,0.2980908,Miguel Rojas,500743,0.312015,1
2025,2025-09-26 17:00:00 PDT,2,30.31808,100,0.3031808,Miguel Rojas,500743,0.312015,2
2025,2025-09-26 17:00:00 PDT,3,30.79008,100,0.3079008,Miguel Rojas,500743,0.312015,3
2025,2025-09-26 17:00:00 PDT,4,30.55976,100,0.3055976,Miguel Rojas,500743,0.312015,4
2025,2025-09-25 17:00:00 PDT,5,30.78376,100,0.3078376,Miguel Rojas,500743,0.312015,5
2025,2025-09-25 17:00:00 PDT,6,31.01876,100,0.3101876,Miguel Rojas,500743,0.312015,6
2025,2025-09-25 17:00:00 PDT,7,31.74276,100,0.3174276,Miguel Rojas,500743,0.312015,7
2025,2025-09-25 17:00:00 PDT,8,31.57176,100,0.3157176,Miguel Rojas,500743,0.312015,8
2025,2025-09-24 17:00:00 PDT,9,31.90676,100,0.3190676,Miguel Rojas,500743,0.312015,9
2025,2025-09-24 17:00:00 PDT,10,32.51776,100,0.3251776,Miguel Rojas,500743,0.312015,10
2025,2025-09-24 17:00:00 PDT,11,31.67076,100,0.3167076,Miguel Rojas,500743,0.312015,11
2025,2025-09-24 17:00:00 PDT,12,31.49076,100,0.3149076,Miguel Rojas,500743,0.312015,12
2025,2025-09-24 17:00:00 PDT,13,31.89376,100,0.3189376,Miguel Rojas,500743,0.312015,13
2025,2025-09-23 17:00:00 PDT,14,32.43176,100,0.3243176,Miguel Rojas,500743,0.312015,14
2025,2025-09-23 17:00:00 PDT,15,32.25976,100,0.3225976,Miguel Rojas,500743,0.312015,15
2025,2025-09-23 17:00:00 PDT,16,32.32076,100,0.3232076,Miguel Rojas,500743,0.312015,16
2025,2025-09-23 17:00:00 PDT,17,31.72276,100,0.3172276,Miguel Rojas,500743,0.312015,17
2025,2025-09-20 17:00:00 PDT,18,32.41444,100,0.3241444,Miguel Rojas,500743,0.312015,18
2025,2025-09-20 17:00:00 PDT,19,32.17744,100,0.3217744,Miguel Rojas,500743,0.312015,19
2025,2025-09-18 17:00:00 PDT,20,32.65544,100,0.3265544,Miguel Rojas,500743,0.312015,20
2025,2025-09-18 17:00:00 PDT,21,32.47844,100,0.3247844,Miguel Rojas,500743,0.312015,21
2025,2025-09-18 17:00:00 PDT,22,33.29744,100,0.3329744,Miguel Rojas,500743,0.312015,22
2025,2025-09-17 17:00:00 PDT,23,32.04244,100,0.3204244,Miguel Rojas,500743,0.312015,23
2025,2025-09-17 17:00:00 PDT,24,31.19944,100,0.3119944,Miguel Rojas,500743,0.312015,24
2025,2025-09-17 17:00:00 PDT,25,30.74544,100,0.3074544,Miguel Rojas,500743,0.312015,25
2025,2025-09-16 17:00:00 PDT,26,30.97344,100,0.3097344,Miguel Rojas,500743,0.312015,26
2025,2025-09-16 17:00:00 PDT,27,31.05544,100,0.3105544,Miguel Rojas,500743,0.312015,27
2025,2025-09-16 17:00:00 PDT,28,30.98344,100,0.3098344,Miguel Rojas,500743,0.312015,28
2025,2025-09-16 17:00:00 PDT,29,30.99844,100,0.3099844,Miguel Rojas,500743,0.312015,29
2025,2025-09-15 17:00:00 PDT,30,30.60344,100,0.3060344,Miguel Rojas,500743,0.312015,30
2025,2025-09-14 17:00:00 PDT,31,30.64944,100,0.3064944,Miguel Rojas,500743,0.312015,31
2025,2025-09-14 17:00:00 PDT,32,30.66844,100,0.3066844,Miguel Rojas,500743,0.312015,32
2025,2025-09-14 17:00:00 PDT,33,30.65944,100,0.3065944,Miguel Rojas,500743,0.312015,33
2025,2025-09-14 17:00:00 PDT,34,30.36476,100,0.3036476,Miguel Rojas,500743,0.312015,34
2025,2025-09-14 17:00:00 PDT,35,30.18076,100,0.3018076,Miguel Rojas,500743,0.312015,35
2025,2025-09-13 17:00:00 PDT,36,30.01776,100,0.3001776,Miguel Rojas,500743,0.312015,36
2025,2025-09-13 17:00:00 PDT,37,30.19176,100,0.3019176,Miguel Rojas,500743,0.312015,37
2025,2025-09-13 17:00:00 PDT,38,29.98776,100,0.2998776,Miguel Rojas,500743,0.312015,38
2025,2025-09-13 17:00:00 PDT,39,29.95976,100,0.2995976,Miguel Rojas,500743,0.312015,39
2025,2025-09-13 17:00:00 PDT,40,30.24876,100,0.3024876,Miguel Rojas,500743,0.312015,40
2025,2025-09-12 17:00:00 PDT,41,29.75508,100,0.2975508,Miguel Rojas,500743,0.312015,41
2025,2025-09-12 17:00:00 PDT,42,30.46108,100,0.3046108,Miguel Rojas,500743,0.312015,42
2025,2025-09-12 17:00:00 PDT,43,30.61308,100,0.3061308,Miguel Rojas,500743,0.312015,43
2025,2025-09-12 17:00:00 PDT,44,29.92140,100,0.299214,Miguel Rojas,500743,0.312015,44
2025,2025-09-12 17:00:00 PDT,45,30.62640,100,0.306264,Miguel Rojas,500743,0.312015,45
2025,2025-09-09 17:00:00 PDT,46,30.61940,100,0.306194,Miguel Rojas,500743,0.312015,46
2025,2025-09-09 17:00:00 PDT,47,30.56740,100,0.305674,Miguel Rojas,500743,0.312015,47
2025,2025-09-09 17:00:00 PDT,48,30.39740,100,0.303974,Miguel Rojas,500743,0.312015,48
2025,2025-09-09 17:00:00 PDT,49,30.58740,100,0.305874,Miguel Rojas,500743,0.312015,49
2025,2025-09-08 17:00:00 PDT,50,29.82340,100,0.298234,Miguel Rojas,500743,0.312015,50
2025,2025-09-08 17:00:00 PDT,51,30.28108,100,0.3028108,Miguel Rojas,500743,0.312015,51
2025,2025-09-08 17:00:00 PDT,52,29.62308,100,0.2962308,Miguel Rojas,500743,0.312015,52
2025,2025-09-06 17:00:00 PDT,53,29.53076,100,0.2953076,Miguel Rojas,500743,0.312015,53
2025,2025-09-06 17:00:00 PDT,54,30.22244,100,0.3022244,Miguel Rojas,500743,0.312015,54
2025,2025-09-06 17:00:00 PDT,55,30.31544,100,0.3031544,Miguel Rojas,500743,0.312015,55
2025,2025-09-06 17:00:00 PDT,56,30.44044,100,0.3044044,Miguel Rojas,500743,0.312015,56
2025,2025-09-05 17:00:00 PDT,57,30.13044,100,0.3013044,Miguel Rojas,500743,0.312015,57
2025,2025-09-05 17:00:00 PDT,58,30.66844,100,0.3066844,Miguel Rojas,500743,0.312015,58
2025,2025-09-05 17:00:00 PDT,59,31.16212,100,0.3116212,Miguel Rojas,500743,0.312015,59
2025,2025-09-05 17:00:00 PDT,60,30.73812,100,0.3073812,Miguel Rojas,500743,0.312015,60
2025,2025-09-04 17:00:00 PDT,61,30.18312,100,0.3018312,Miguel Rojas,500743,0.312015,61
2025,2025-09-04 17:00:00 PDT,62,30.77012,100,0.3077012,Miguel Rojas,500743,0.312015,62
2025,2025-09-04 17:00:00 PDT,63,30.68212,100,0.3068212,Miguel Rojas,500743,0.312015,63
2025,2025-09-04 17:00:00 PDT,64,30.68212,100,0.3068212,Miguel Rojas,500743,0.312015,64
2025,2025-09-03 17:00:00 PDT,65,30.23412,100,0.3023412,Miguel Rojas,500743,0.312015,65
2025,2025-09-03 17:00:00 PDT,66,29.87212,100,0.2987212,Miguel Rojas,500743,0.312015,66
2025,2025-09-03 17:00:00 PDT,67,30.56380,100,0.305638,Miguel Rojas,500743,0.312015,67
2025,2025-09-03 17:00:00 PDT,68,31.09680,100,0.310968,Miguel Rojas,500743,0.312015,68
2025,2025-09-01 17:00:00 PDT,69,31.02880,100,0.310288,Miguel Rojas,500743,0.312015,69
2025,2025-09-01 17:00:00 PDT,70,30.91212,100,0.3091212,Miguel Rojas,500743,0.312015,70
2025,2025-09-01 17:00:00 PDT,71,31.88512,100,0.3188512,Miguel Rojas,500743,0.312015,71
2025,2025-09-01 17:00:00 PDT,72,32.32512,100,0.3232512,Miguel Rojas,500743,0.312015,72
2025,2025-08-30 17:00:00 PDT,73,32.37012,100,0.3237012,Miguel Rojas,500743,0.312015,73
2025,2025-08-30 17:00:00 PDT,74,33.06180,100,0.330618,Miguel Rojas,500743,0.312015,74
2025,2025-08-30 17:00:00 PDT,75,32.16880,100,0.321688,Miguel Rojas,500743,0.312015,75
2025,2025-08-29 17:00:00 PDT,76,32.94580,100,0.329458,Miguel Rojas,500743,0.312015,76
2025,2025-08-29 17:00:00 PDT,77,32.72480,100,0.327248,Miguel Rojas,500743,0.312015,77
2025,2025-08-29 17:00:00 PDT,78,33.58280,100,0.335828,Miguel Rojas,500743,0.312015,78
2025,2025-08-29 17:00:00 PDT,79,33.57280,100,0.335728,Miguel Rojas,500743,0.312015,79
2025,2025-08-28 17:00:00 PDT,80,33.91848,100,0.3391848,Miguel Rojas,500743,0.312015,80
2025,2025-08-26 17:00:00 PDT,81,33.63448,100,0.3363448,Miguel Rojas,500743,0.312015,81
2025,2025-08-26 17:00:00 PDT,82,33.42448,100,0.3342448,Miguel Rojas,500743,0.312015,82
2025,2025-08-25 17:00:00 PDT,83,33.33248,100,0.3333248,Miguel Rojas,500743,0.312015,83
2025,2025-08-25 17:00:00 PDT,84,33.91648,100,0.3391648,Miguel Rojas,500743,0.312015,84
2025,2025-08-24 17:00:00 PDT,85,32.84448,100,0.3284448,Miguel Rojas,500743,0.312015,85
2025,2025-08-24 17:00:00 PDT,86,32.86148,100,0.3286148,Miguel Rojas,500743,0.312015,86
2025,2025-08-24 17:00:00 PDT,87,32.21648,100,0.3221648,Miguel Rojas,500743,0.312015,87
2025,2025-08-24 17:00:00 PDT,88,32.15948,100,0.3215948,Miguel Rojas,500743,0.312015,88
2025,2025-08-23 17:00:00 PDT,89,31.71348,100,0.3171348,Miguel Rojas,500743,0.312015,89
2025,2025-08-23 17:00:00 PDT,90,31.54148,100,0.3154148,Miguel Rojas,500743,0.312015,90
2025,2025-08-23 17:00:00 PDT,91,31.56048,100,0.3156048,Miguel Rojas,500743,0.312015,91
2025,2025-08-23 17:00:00 PDT,92,31.48348,100,0.3148348,Miguel Rojas,500743,0.312015,92
2025,2025-08-22 17:00:00 PDT,93,32.01516,100,0.3201516,Miguel Rojas,500743,0.312015,93
2025,2025-08-22 17:00:00 PDT,94,32.06716,100,0.3206716,Miguel Rojas,500743,0.312015,94
2025,2025-08-20 17:00:00 PDT,95,32.94716,100,0.3294716,Miguel Rojas,500743,0.312015,95
2025,2025-08-20 17:00:00 PDT,96,32.26348,100,0.3226348,Miguel Rojas,500743,0.312015,96
2025,2025-08-20 17:00:00 PDT,97,32.35248,100,0.3235248,Miguel Rojas,500743,0.312015,97
2025,2025-08-20 17:00:00 PDT,98,32.24248,100,0.3224248,Miguel Rojas,500743,0.312015,98
2025,2025-08-19 17:00:00 PDT,99,32.05348,100,0.3205348,Miguel Rojas,500743,0.312015,99
2025,2025-08-19 17:00:00 PDT,100,31.65548,100,0.3165548,Miguel Rojas,500743,0.312015,100
2025,2025-09-27 17:00:00 PDT,1,30.371829,100,0.30371829,Andy Pages,681624,0.312015,1
2025,2025-09-27 17:00:00 PDT,2,29.509829,100,0.29509829,Andy Pages,681624,0.312015,2
2025,2025-09-27 17:00:00 PDT,3,30.068829,100,0.30068829,Andy Pages,681624,0.312015,3
2025,2025-09-27 17:00:00 PDT,4,30.068829,100,0.30068829,Andy Pages,681624,0.312015,4
2025,2025-09-26 17:00:00 PDT,5,29.865829,100,0.29865829,Andy Pages,681624,0.312015,5
2025,2025-09-26 17:00:00 PDT,6,30.625829,100,0.30625829,Andy Pages,681624,0.312015,6
2025,2025-09-26 17:00:00 PDT,7,30.598829,100,0.30598829,Andy Pages,681624,0.312015,7
2025,2025-09-26 17:00:00 PDT,8,30.977829,100,0.30977829,Andy Pages,681624,0.312015,8
2025,2025-09-25 17:00:00 PDT,9,30.847829,100,0.30847829,Andy Pages,681624,0.312015,9
2025,2025-09-25 17:00:00 PDT,10,31.179829,100,0.31179829,Andy Pages,681624,0.312015,10
2025,2025-09-25 17:00:00 PDT,11,30.926829,100,0.30926829,Andy Pages,681624,0.312015,11
2025,2025-09-25 17:00:00 PDT,12,32.039829,100,0.32039829,Andy Pages,681624,0.312015,12
2025,2025-09-24 17:00:00 PDT,13,32.039829,100,0.32039829,Andy Pages,681624,0.312015,13
2025,2025-09-24 17:00:00 PDT,14,32.485829,100,0.32485829,Andy Pages,681624,0.312015,14
2025,2025-09-24 17:00:00 PDT,15,33.028829,100,0.33028829,Andy Pages,681624,0.312015,15
2025,2025-09-24 17:00:00 PDT,16,32.337149,100,0.32337149,Andy Pages,681624,0.312015,16
2025,2025-09-24 17:00:00 PDT,17,32.297149,100,0.32297149,Andy Pages,681624,0.312015,17
2025,2025-09-23 17:00:00 PDT,18,30.622149,100,0.30622149,Andy Pages,681624,0.312015,18
2025,2025-09-23 17:00:00 PDT,19,30.726149,100,0.30726149,Andy Pages,681624,0.312015,19
2025,2025-09-23 17:00:00 PDT,20,30.023149,100,0.30023149,Andy Pages,681624,0.312015,20
2025,2025-09-23 17:00:00 PDT,21,30.406149,100,0.30406149,Andy Pages,681624,0.312015,21
2025,2025-09-23 17:00:00 PDT,22,29.538149,100,0.29538149,Andy Pages,681624,0.312015,22
2025,2025-09-22 17:00:00 PDT,23,29.538149,100,0.29538149,Andy Pages,681624,0.312015,23
2025,2025-09-22 17:00:00 PDT,24,30.151829,100,0.30151829,Andy Pages,681624,0.312015,24
2025,2025-09-22 17:00:00 PDT,25,31.970829,100,0.31970829,Andy Pages,681624,0.312015,25
2025,2025-09-20 17:00:00 PDT,26,31.877829,100,0.31877829,Andy Pages,681624,0.312015,26
2025,2025-09-20 17:00:00 PDT,27,31.905829,100,0.31905829,Andy Pages,681624,0.312015,27
2025,2025-09-20 17:00:00 PDT,28,31.643829,100,0.31643829,Andy Pages,681624,0.312015,28
2025,2025-09-19 17:00:00 PDT,29,31.283829,100,0.31283829,Andy Pages,681624,0.312015,29
2025,2025-09-19 17:00:00 PDT,30,31.242829,100,0.31242829,Andy Pages,681624,0.312015,30
2025,2025-09-19 17:00:00 PDT,31,31.188829,100,0.31188829,Andy Pages,681624,0.312015,31
2025,2025-09-19 17:00:00 PDT,32,30.617829,100,0.30617829,Andy Pages,681624,0.312015,32
2025,2025-09-18 17:00:00 PDT,33,30.869829,100,0.30869829,Andy Pages,681624,0.312015,33
2025,2025-09-18 17:00:00 PDT,34,31.030829,100,0.31030829,Andy Pages,681624,0.312015,34
2025,2025-09-18 17:00:00 PDT,35,30.639829,100,0.30639829,Andy Pages,681624,0.312015,35
2025,2025-09-17 17:00:00 PDT,36,29.922829,100,0.29922829,Andy Pages,681624,0.312015,36
2025,2025-09-17 17:00:00 PDT,37,29.892829,100,0.29892829,Andy Pages,681624,0.312015,37
2025,2025-09-17 17:00:00 PDT,38,29.800829,100,0.29800829,Andy Pages,681624,0.312015,38
2025,2025-09-16 17:00:00 PDT,39,30.492509,100,0.30492509,Andy Pages,681624,0.312015,39
2025,2025-09-16 17:00:00 PDT,40,30.308509,100,0.30308509,Andy Pages,681624,0.312015,40
2025,2025-09-16 17:00:00 PDT,41,30.310829,100,0.30310829,Andy Pages,681624,0.312015,41
2025,2025-09-15 17:00:00 PDT,42,30.166829,100,0.30166829,Andy Pages,681624,0.312015,42
2025,2025-09-15 17:00:00 PDT,43,31.446829,100,0.31446829,Andy Pages,681624,0.312015,43
2025,2025-09-15 17:00:00 PDT,44,31.154829,100,0.31154829,Andy Pages,681624,0.312015,44
2025,2025-09-15 17:00:00 PDT,45,31.086829,100,0.31086829,Andy Pages,681624,0.312015,45
2025,2025-09-14 17:00:00 PDT,46,30.449829,100,0.30449829,Andy Pages,681624,0.312015,46
2025,2025-09-14 17:00:00 PDT,47,29.233509,100,0.29233509,Andy Pages,681624,0.312015,47
2025,2025-09-14 17:00:00 PDT,48,29.575189,100,0.29575189,Andy Pages,681624,0.312015,48
2025,2025-09-14 17:00:00 PDT,49,28.909189,100,0.28909189,Andy Pages,681624,0.312015,49
2025,2025-09-12 17:00:00 PDT,50,28.420189,100,0.28420189,Andy Pages,681624,0.312015,50
2025,2025-09-12 17:00:00 PDT,51,29.019189,100,0.29019189,Andy Pages,681624,0.312015,51
2025,2025-09-12 17:00:00 PDT,52,28.287189,100,0.28287189,Andy Pages,681624,0.312015,52
2025,2025-09-12 17:00:00 PDT,53,28.357189,100,0.28357189,Andy Pages,681624,0.312015,53
2025,2025-09-12 17:00:00 PDT,54,28.584189,100,0.28584189,Andy Pages,681624,0.312015,54
2025,2025-09-11 17:00:00 PDT,55,28.415189,100,0.28415189,Andy Pages,681624,0.312015,55
2025,2025-09-11 17:00:00 PDT,56,28.693189,100,0.28693189,Andy Pages,681624,0.312015,56
2025,2025-09-11 17:00:00 PDT,57,28.979869,100,0.28979869,Andy Pages,681624,0.312015,57
2025,2025-09-11 17:00:00 PDT,58,29.673869,100,0.29673869,Andy Pages,681624,0.312015,58
2025,2025-09-09 17:00:00 PDT,59,29.794869,100,0.29794869,Andy Pages,681624,0.312015,59
2025,2025-09-09 17:00:00 PDT,60,29.784869,100,0.29784869,Andy Pages,681624,0.312015,60
2025,2025-09-09 17:00:00 PDT,61,29.781869,100,0.29781869,Andy Pages,681624,0.312015,61
2025,2025-09-09 17:00:00 PDT,62,29.562869,100,0.29562869,Andy Pages,681624,0.312015,62
2025,2025-09-08 17:00:00 PDT,63,29.207549,100,0.29207549,Andy Pages,681624,0.312015,63
2025,2025-09-08 17:00:00 PDT,64,29.237549,100,0.29237549,Andy Pages,681624,0.312015,64
2025,2025-09-08 17:00:00 PDT,65,28.962549,100,0.28962549,Andy Pages,681624,0.312015,65
2025,2025-09-07 17:00:00 PDT,66,28.962549,100,0.28962549,Andy Pages,681624,0.312015,66
2025,2025-09-07 17:00:00 PDT,67,28.93176,100,0.2893176,Andy Pages,681624,0.312015,67
2025,2025-09-07 17:00:00 PDT,68,29.18376,100,0.2918376,Andy Pages,681624,0.312015,68
2025,2025-09-05 17:00:00 PDT,69,29.68776,100,0.2968776,Andy Pages,681624,0.312015,69
2025,2025-09-05 17:00:00 PDT,70,30.12776,100,0.3012776,Andy Pages,681624,0.312015,70
2025,2025-09-05 17:00:00 PDT,71,30.14776,100,0.3014776,Andy Pages,681624,0.312015,71
2025,2025-09-05 17:00:00 PDT,72,29.50976,100,0.2950976,Andy Pages,681624,0.312015,72
2025,2025-09-04 17:00:00 PDT,73,29.50976,100,0.2950976,Andy Pages,681624,0.312015,73
2025,2025-09-04 17:00:00 PDT,74,30.29276,100,0.3029276,Andy Pages,681624,0.312015,74
2025,2025-09-04 17:00:00 PDT,75,29.55976,100,0.2955976,Andy Pages,681624,0.312015,75
2025,2025-09-04 17:00:00 PDT,76,29.58276,100,0.2958276,Andy Pages,681624,0.312015,76
2025,2025-09-03 17:00:00 PDT,77,29.58276,100,0.2958276,Andy Pages,681624,0.312015,77
2025,2025-09-03 17:00:00 PDT,78,30.07776,100,0.3007776,Andy Pages,681624,0.312015,78
2025,2025-09-03 17:00:00 PDT,79,29.99076,100,0.2999076,Andy Pages,681624,0.312015,79
2025,2025-09-03 17:00:00 PDT,80,29.91476,100,0.2991476,Andy Pages,681624,0.312015,80
2025,2025-09-02 17:00:00 PDT,81,30.71176,100,0.3071176,Andy Pages,681624,0.312015,81
2025,2025-09-02 17:00:00 PDT,82,31.56276,100,0.3156276,Andy Pages,681624,0.312015,82
2025,2025-09-02 17:00:00 PDT,83,31.57576,100,0.3157576,Andy Pages,681624,0.312015,83
2025,2025-09-02 17:00:00 PDT,84,32.08176,100,0.3208176,Andy Pages,681624,0.312015,84
2025,2025-09-01 17:00:00 PDT,85,32.28876,100,0.3228876,Andy Pages,681624,0.312015,85
2025,2025-09-01 17:00:00 PDT,86,32.41776,100,0.3241776,Andy Pages,681624,0.312015,86
2025,2025-09-01 17:00:00 PDT,87,32.30476,100,0.3230476,Andy Pages,681624,0.312015,87
2025,2025-09-01 17:00:00 PDT,88,31.04776,100,0.3104776,Andy Pages,681624,0.312015,88
2025,2025-08-30 17:00:00 PDT,89,31.55376,100,0.3155376,Andy Pages,681624,0.312015,89
2025,2025-08-30 17:00:00 PDT,90,31.55376,100,0.3155376,Andy Pages,681624,0.312015,90
2025,2025-08-30 17:00:00 PDT,91,31.503229,100,0.31503229,Andy Pages,681624,0.312015,91
2025,2025-08-30 17:00:00 PDT,92,31.431229,100,0.31431229,Andy Pages,681624,0.312015,92
2025,2025-08-29 17:00:00 PDT,93,31.328229,100,0.31328229,Andy Pages,681624,0.312015,93
2025,2025-08-29 17:00:00 PDT,94,31.767229,100,0.31767229,Andy Pages,681624,0.312015,94
2025,2025-08-29 17:00:00 PDT,95,31.934229,100,0.31934229,Andy Pages,681624,0.312015,95
2025,2025-08-29 17:00:00 PDT,96,31.777229,100,0.31777229,Andy Pages,681624,0.312015,96
2025,2025-08-28 17:00:00 PDT,97,31.529229,100,0.31529229,Andy Pages,681624,0.312015,97
2025,2025-08-28 17:00:00 PDT,98,30.968229,100,0.30968229,Andy Pages,681624,0.312015,98
2025,2025-08-28 17:00:00 PDT,99,30.928229,100,0.30928229,Andy Pages,681624,0.312015,99
2025,2025-08-26 17:00:00 PDT,100,30.931229,100,0.30931229,Andy Pages,681624,0.312015,100
2025,2025-09-08 17:00:00 PDT,1,34.573818,100,0.34573818,Will Smith,669257,0.312015,1
2025,2025-09-08 17:00:00 PDT,2,35.120818,100,0.35120818,Will Smith,669257,0.312015,2
2025,2025-09-08 17:00:00 PDT,3,35.395818,100,0.35395818,Will Smith,669257,0.312015,3
2025,2025-09-08 17:00:00 PDT,4,35.390818,100,0.35390818,Will Smith,669257,0.312015,4
2025,2025-09-02 17:00:00 PDT,5,34.495818,100,0.34495818,Will Smith,669257,0.312015,5
2025,2025-09-01 17:00:00 PDT,6,34.312818,100,0.34312818,Will Smith,669257,0.312015,6
2025,2025-09-01 17:00:00 PDT,7,33.512818,100,0.33512818,Will Smith,669257,0.312015,7
2025,2025-09-01 17:00:00 PDT,8,33.623818,100,0.33623818,Will Smith,669257,0.312015,8
2025,2025-09-01 17:00:00 PDT,9,32.834818,100,0.32834818,Will Smith,669257,0.312015,9
2025,2025-09-01 17:00:00 PDT,10,32.629498,100,0.32629498,Will Smith,669257,0.312015,10
2025,2025-08-30 17:00:00 PDT,11,32.029498,100,0.32029498,Will Smith,669257,0.312015,11
2025,2025-08-29 17:00:00 PDT,12,30.377498,100,0.30377498,Will Smith,669257,0.312015,12
2025,2025-08-29 17:00:00 PDT,13,29.980498,100,0.29980498,Will Smith,669257,0.312015,13
2025,2025-08-29 17:00:00 PDT,14,30.407818,100,0.30407818,Will Smith,669257,0.312015,14
2025,2025-08-29 17:00:00 PDT,15,30.917818,100,0.30917818,Will Smith,669257,0.312015,15
2025,2025-08-28 17:00:00 PDT,16,30.519138,100,0.30519138,Will Smith,669257,0.312015,16
2025,2025-08-28 17:00:00 PDT,17,30.092138,100,0.30092138,Will Smith,669257,0.312015,17
2025,2025-08-28 17:00:00 PDT,18,29.998138,100,0.29998138,Will Smith,669257,0.312015,18
2025,2025-08-28 17:00:00 PDT,19,29.998138,100,0.29998138,Will Smith,669257,0.312015,19
2025,2025-08-25 17:00:00 PDT,20,29.617458,100,0.29617458,Will Smith,669257,0.312015,20
2025,2025-08-25 17:00:00 PDT,21,29.617458,100,0.29617458,Will Smith,669257,0.312015,21
2025,2025-08-25 17:00:00 PDT,22,28.417458,100,0.28417458,Will Smith,669257,0.312015,22
2025,2025-08-25 17:00:00 PDT,23,28.501458,100,0.28501458,Will Smith,669257,0.312015,23
2025,2025-08-24 17:00:00 PDT,24,30.498458,100,0.30498458,Will Smith,669257,0.312015,24
2025,2025-08-24 17:00:00 PDT,25,31.820458,100,0.31820458,Will Smith,669257,0.312015,25
2025,2025-08-24 17:00:00 PDT,26,31.637778,100,0.31637778,Will Smith,669257,0.312015,26
2025,2025-08-24 17:00:00 PDT,27,31.998778,100,0.31998778,Will Smith,669257,0.312015,27
2025,2025-08-22 17:00:00 PDT,28,32.172778,100,0.32172778,Will Smith,669257,0.312015,28
2025,2025-08-22 17:00:00 PDT,29,32.261778,100,0.32261778,Will Smith,669257,0.312015,29
2025,2025-08-22 17:00:00 PDT,30,31.925778,100,0.31925778,Will Smith,669257,0.312015,30
2025,2025-08-21 17:00:00 PDT,31,32.059778,100,0.32059778,Will Smith,669257,0.312015,31
2025,2025-08-21 17:00:00 PDT,32,32.104778,100,0.32104778,Will Smith,669257,0.312015,32
2025,2025-08-21 17:00:00 PDT,33,32.089778,100,0.32089778,Will Smith,669257,0.312015,33
2025,2025-08-21 17:00:00 PDT,34,32.717778,100,0.32717778,Will Smith,669257,0.312015,34
2025,2025-08-20 17:00:00 PDT,35,33.095778,100,0.33095778,Will Smith,669257,0.312015,35
2025,2025-08-20 17:00:00 PDT,36,32.838778,100,0.32838778,Will Smith,669257,0.312015,36
2025,2025-08-20 17:00:00 PDT,37,33.530458,100,0.33530458,Will Smith,669257,0.312015,37
2025,2025-08-20 17:00:00 PDT,38,33.477458,100,0.33477458,Will Smith,669257,0.312015,38
2025,2025-08-20 17:00:00 PDT,39,32.833989,100,0.32833989,Will Smith,669257,0.312015,39
2025,2025-08-19 17:00:00 PDT,40,33.164989,100,0.33164989,Will Smith,669257,0.312015,40
2025,2025-08-19 17:00:00 PDT,41,33.291989,100,0.33291989,Will Smith,669257,0.312015,41
2025,2025-08-19 17:00:00 PDT,42,33.698989,100,0.33698989,Will Smith,669257,0.312015,42
2025,2025-08-19 17:00:00 PDT,43,34.496989,100,0.34496989,Will Smith,669257,0.312015,43
2025,2025-08-18 17:00:00 PDT,44,34.262989,100,0.34262989,Will Smith,669257,0.312015,44
2025,2025-08-18 17:00:00 PDT,45,33.381989,100,0.33381989,Will Smith,669257,0.312015,45
2025,2025-08-18 17:00:00 PDT,46,32.779989,100,0.32779989,Will Smith,669257,0.312015,46
2025,2025-08-18 17:00:00 PDT,47,32.74920,100,0.327492,Will Smith,669257,0.312015,47
2025,2025-08-18 17:00:00 PDT,48,32.97620,100,0.329762,Will Smith,669257,0.312015,48
2025,2025-08-18 17:00:00 PDT,49,33.08520,100,0.330852,Will Smith,669257,0.312015,49
2025,2025-08-16 17:00:00 PDT,50,33.72252,100,0.3372252,Will Smith,669257,0.312015,50
2025,2025-08-16 17:00:00 PDT,51,34.41420,100,0.344142,Will Smith,669257,0.312015,51
2025,2025-08-16 17:00:00 PDT,52,35.17820,100,0.351782,Will Smith,669257,0.312015,52
2025,2025-08-16 17:00:00 PDT,53,35.17820,100,0.351782,Will Smith,669257,0.312015,53
2025,2025-08-15 17:00:00 PDT,54,34.93320,100,0.349332,Will Smith,669257,0.312015,54
2025,2025-08-15 17:00:00 PDT,55,34.73120,100,0.347312,Will Smith,669257,0.312015,55
2025,2025-08-15 17:00:00 PDT,56,34.63820,100,0.346382,Will Smith,669257,0.312015,56
2025,2025-08-15 17:00:00 PDT,57,33.94652,100,0.3394652,Will Smith,669257,0.312015,57
2025,2025-08-14 17:00:00 PDT,58,33.73084,100,0.3373084,Will Smith,669257,0.312015,58
2025,2025-08-14 17:00:00 PDT,59,34.59584,100,0.3459584,Will Smith,669257,0.312015,59
2025,2025-08-14 17:00:00 PDT,60,35.20284,100,0.3520284,Will Smith,669257,0.312015,60
2025,2025-08-14 17:00:00 PDT,61,35.13952,100,0.3513952,Will Smith,669257,0.312015,61
2025,2025-08-12 17:00:00 PDT,62,35.83120,100,0.358312,Will Smith,669257,0.312015,62
2025,2025-08-12 17:00:00 PDT,63,36.92020,100,0.369202,Will Smith,669257,0.312015,63
2025,2025-08-12 17:00:00 PDT,64,36.92020,100,0.369202,Will Smith,669257,0.312015,64
2025,2025-08-12 17:00:00 PDT,65,36.31552,100,0.3631552,Will Smith,669257,0.312015,65
2025,2025-08-12 17:00:00 PDT,66,37.025989,100,0.37025989,Will Smith,669257,0.312015,66
2025,2025-08-11 17:00:00 PDT,67,35.867989,100,0.35867989,Will Smith,669257,0.312015,67
2025,2025-08-10 17:00:00 PDT,68,37.571989,100,0.37571989,Will Smith,669257,0.312015,68
2025,2025-08-10 17:00:00 PDT,69,36.857989,100,0.36857989,Will Smith,669257,0.312015,69
2025,2025-08-10 17:00:00 PDT,70,37.544669,100,0.37544669,Will Smith,669257,0.312015,70
2025,2025-08-10 17:00:00 PDT,71,37.304669,100,0.37304669,Will Smith,669257,0.312015,71
2025,2025-08-09 17:00:00 PDT,72,37.462349,100,0.37462349,Will Smith,669257,0.312015,72
2025,2025-08-09 17:00:00 PDT,73,36.803669,100,0.36803669,Will Smith,669257,0.312015,73
2025,2025-08-09 17:00:00 PDT,74,38.045989,100,0.38045989,Will Smith,669257,0.312015,74
2025,2025-08-09 17:00:00 PDT,75,38.874989,100,0.38874989,Will Smith,669257,0.312015,75
2025,2025-08-09 17:00:00 PDT,76,38.859989,100,0.38859989,Will Smith,669257,0.312015,76
2025,2025-08-07 17:00:00 PDT,77,39.155989,100,0.39155989,Will Smith,669257,0.312015,77
2025,2025-08-07 17:00:00 PDT,78,38.464309,100,0.38464309,Will Smith,669257,0.312015,78
2025,2025-08-07 17:00:00 PDT,79,38.385309,100,0.38385309,Will Smith,669257,0.312015,79
2025,2025-08-07 17:00:00 PDT,80,38.393309,100,0.38393309,Will Smith,669257,0.312015,80
2025,2025-08-05 17:00:00 PDT,81,38.141309,100,0.38141309,Will Smith,669257,0.312015,81
2025,2025-08-05 17:00:00 PDT,82,38.667989,100,0.38667989,Will Smith,669257,0.312015,82
2025,2025-08-05 17:00:00 PDT,83,38.735989,100,0.38735989,Will Smith,669257,0.312015,83
2025,2025-08-05 17:00:00 PDT,84,38.563989,100,0.38563989,Will Smith,669257,0.312015,84
2025,2025-08-03 17:00:00 PDT,85,38.563989,100,0.38563989,Will Smith,669257,0.312015,85
2025,2025-08-03 17:00:00 PDT,86,38.287309,100,0.38287309,Will Smith,669257,0.312015,86
2025,2025-08-03 17:00:00 PDT,87,38.170309,100,0.38170309,Will Smith,669257,0.312015,87
2025,2025-08-03 17:00:00 PDT,88,38.928309,100,0.38928309,Will Smith,669257,0.312015,88
2025,2025-08-02 17:00:00 PDT,89,39.813309,100,0.39813309,Will Smith,669257,0.312015,89
2025,2025-08-02 17:00:00 PDT,90,39.710309,100,0.39710309,Will Smith,669257,0.312015,90
2025,2025-08-02 17:00:00 PDT,91,41.294309,100,0.41294309,Will Smith,669257,0.312015,91
2025,2025-08-02 17:00:00 PDT,92,40.615309,100,0.40615309,Will Smith,669257,0.312015,92
2025,2025-07-31 17:00:00 PDT,93,40.267309,100,0.40267309,Will Smith,669257,0.312015,93
2025,2025-07-31 17:00:00 PDT,94,40.958989,100,0.40958989,Will Smith,669257,0.312015,94
2025,2025-07-31 17:00:00 PDT,95,40.958989,100,0.40958989,Will Smith,669257,0.312015,95
2025,2025-07-31 17:00:00 PDT,96,40.958989,100,0.40958989,Will Smith,669257,0.312015,96
2025,2025-07-29 17:00:00 PDT,97,40.712989,100,0.40712989,Will Smith,669257,0.312015,97
2025,2025-07-29 17:00:00 PDT,98,40.687989,100,0.40687989,Will Smith,669257,0.312015,98
2025,2025-07-29 17:00:00 PDT,99,40.687989,100,0.40687989,Will Smith,669257,0.312015,99
2025,2025-07-29 17:00:00 PDT,100,40.458309,100,0.40458309,Will Smith,669257,0.312015,100
2025,2025-09-27 17:00:00 PDT,1,31.398549,100,0.31398549,Freddie Freeman,518692,0.312015,1
2025,2025-09-27 17:00:00 PDT,2,30.634549,100,0.30634549,Freddie Freeman,518692,0.312015,2
2025,2025-09-26 17:00:00 PDT,3,30.627549,100,0.30627549,Freddie Freeman,518692,0.312015,3
2025,2025-09-26 17:00:00 PDT,4,30.497869,100,0.30497869,Freddie Freeman,518692,0.312015,4
2025,2025-09-26 17:00:00 PDT,5,31.137549,100,0.31137549,Freddie Freeman,518692,0.312015,5
2025,2025-09-26 17:00:00 PDT,6,30.711869,100,0.30711869,Freddie Freeman,518692,0.312015,6
2025,2025-09-24 17:00:00 PDT,7,30.713869,100,0.30713869,Freddie Freeman,518692,0.312015,7
2025,2025-09-24 17:00:00 PDT,8,30.721189,100,0.30721189,Freddie Freeman,518692,0.312015,8
2025,2025-09-24 17:00:00 PDT,9,30.183189,100,0.30183189,Freddie Freeman,518692,0.312015,9
2025,2025-09-24 17:00:00 PDT,10,30.316869,100,0.30316869,Freddie Freeman,518692,0.312015,10
2025,2025-09-23 17:00:00 PDT,11,29.130869,100,0.29130869,Freddie Freeman,518692,0.312015,11
2025,2025-09-23 17:00:00 PDT,12,29.790869,100,0.29790869,Freddie Freeman,518692,0.312015,12
2025,2025-09-23 17:00:00 PDT,13,29.939869,100,0.29939869,Freddie Freeman,518692,0.312015,13
2025,2025-09-23 17:00:00 PDT,14,30.447549,100,0.30447549,Freddie Freeman,518692,0.312015,14
2025,2025-09-23 17:00:00 PDT,15,30.199549,100,0.30199549,Freddie Freeman,518692,0.312015,15
2025,2025-09-22 17:00:00 PDT,16,30.163549,100,0.30163549,Freddie Freeman,518692,0.312015,16
2025,2025-09-22 17:00:00 PDT,17,30.121549,100,0.30121549,Freddie Freeman,518692,0.312015,17
2025,2025-09-22 17:00:00 PDT,18,29.934869,100,0.29934869,Freddie Freeman,518692,0.312015,18
2025,2025-09-22 17:00:00 PDT,19,30.029869,100,0.30029869,Freddie Freeman,518692,0.312015,19
2025,2025-09-20 17:00:00 PDT,20,30.260869,100,0.30260869,Freddie Freeman,518692,0.312015,20
2025,2025-09-20 17:00:00 PDT,21,30.124869,100,0.30124869,Freddie Freeman,518692,0.312015,21
2025,2025-09-20 17:00:00 PDT,22,30.730869,100,0.30730869,Freddie Freeman,518692,0.312015,22
2025,2025-09-20 17:00:00 PDT,23,30.110869,100,0.30110869,Freddie Freeman,518692,0.312015,23
2025,2025-09-19 17:00:00 PDT,24,30.016869,100,0.30016869,Freddie Freeman,518692,0.312015,24
2025,2025-09-19 17:00:00 PDT,25,30.066869,100,0.30066869,Freddie Freeman,518692,0.312015,25
2025,2025-09-19 17:00:00 PDT,26,30.089869,100,0.30089869,Freddie Freeman,518692,0.312015,26
2025,2025-09-19 17:00:00 PDT,27,31.655869,100,0.31655869,Freddie Freeman,518692,0.312015,27
2025,2025-09-19 17:00:00 PDT,28,31.672869,100,0.31672869,Freddie Freeman,518692,0.312015,28
2025,2025-09-18 17:00:00 PDT,29,31.64208,100,0.3164208,Freddie Freeman,518692,0.312015,29
2025,2025-09-18 17:00:00 PDT,30,31.73108,100,0.3173108,Freddie Freeman,518692,0.312015,30
2025,2025-09-18 17:00:00 PDT,31,32.22408,100,0.3222408,Freddie Freeman,518692,0.312015,31
2025,2025-09-18 17:00:00 PDT,32,33.75708,100,0.3375708,Freddie Freeman,518692,0.312015,32
2025,2025-09-17 17:00:00 PDT,33,34.66808,100,0.3466808,Freddie Freeman,518692,0.312015,33
2025,2025-09-17 17:00:00 PDT,34,34.75108,100,0.3475108,Freddie Freeman,518692,0.312015,34
2025,2025-09-17 17:00:00 PDT,35,34.96708,100,0.3496708,Freddie Freeman,518692,0.312015,35
2025,2025-09-17 17:00:00 PDT,36,35.00008,100,0.3500008,Freddie Freeman,518692,0.312015,36
2025,2025-09-16 17:00:00 PDT,37,35.04908,100,0.3504908,Freddie Freeman,518692,0.312015,37
2025,2025-09-16 17:00:00 PDT,38,34.90508,100,0.3490508,Freddie Freeman,518692,0.312015,38
2025,2025-09-16 17:00:00 PDT,39,34.88008,100,0.3488008,Freddie Freeman,518692,0.312015,39
2025,2025-09-16 17:00:00 PDT,40,36.65508,100,0.3665508,Freddie Freeman,518692,0.312015,40
2025,2025-09-15 17:00:00 PDT,41,34.68808,100,0.3468808,Freddie Freeman,518692,0.312015,41
2025,2025-09-15 17:00:00 PDT,42,34.09840,100,0.340984,Freddie Freeman,518692,0.312015,42
2025,2025-09-15 17:00:00 PDT,43,34.51340,100,0.345134,Freddie Freeman,518692,0.312015,43
2025,2025-09-15 17:00:00 PDT,44,35.057869,100,0.35057869,Freddie Freeman,518692,0.312015,44
2025,2025-09-14 17:00:00 PDT,45,34.973869,100,0.34973869,Freddie Freeman,518692,0.312015,45
2025,2025-09-14 17:00:00 PDT,46,35.502869,100,0.35502869,Freddie Freeman,518692,0.312015,46
2025,2025-09-14 17:00:00 PDT,47,36.191549,100,0.36191549,Freddie Freeman,518692,0.312015,47
2025,2025-09-14 17:00:00 PDT,48,35.637549,100,0.35637549,Freddie Freeman,518692,0.312015,48
2025,2025-09-13 17:00:00 PDT,49,36.062549,100,0.36062549,Freddie Freeman,518692,0.312015,49
2025,2025-09-13 17:00:00 PDT,50,36.594549,100,0.36594549,Freddie Freeman,518692,0.312015,50
2025,2025-09-13 17:00:00 PDT,51,36.727549,100,0.36727549,Freddie Freeman,518692,0.312015,51
2025,2025-09-13 17:00:00 PDT,52,37.419229,100,0.37419229,Freddie Freeman,518692,0.312015,52
2025,2025-09-13 17:00:00 PDT,53,37.056229,100,0.37056229,Freddie Freeman,518692,0.312015,53
2025,2025-09-13 17:00:00 PDT,54,36.976229,100,0.36976229,Freddie Freeman,518692,0.312015,54
2025,2025-09-12 17:00:00 PDT,55,36.514229,100,0.36514229,Freddie Freeman,518692,0.312015,55
2025,2025-09-12 17:00:00 PDT,56,36.566229,100,0.36566229,Freddie Freeman,518692,0.312015,56
2025,2025-09-12 17:00:00 PDT,57,36.454229,100,0.36454229,Freddie Freeman,518692,0.312015,57
2025,2025-09-12 17:00:00 PDT,58,37.994229,100,0.37994229,Freddie Freeman,518692,0.312015,58
2025,2025-09-12 17:00:00 PDT,59,38.136229,100,0.38136229,Freddie Freeman,518692,0.312015,59
2025,2025-09-12 17:00:00 PDT,60,38.508229,100,0.38508229,Freddie Freeman,518692,0.312015,60
2025,2025-09-11 17:00:00 PDT,61,38.070229,100,0.38070229,Freddie Freeman,518692,0.312015,61
2025,2025-09-11 17:00:00 PDT,62,38.272229,100,0.38272229,Freddie Freeman,518692,0.312015,62
2025,2025-09-11 17:00:00 PDT,63,38.146229,100,0.38146229,Freddie Freeman,518692,0.312015,63
2025,2025-09-11 17:00:00 PDT,64,38.832909,100,0.38832909,Freddie Freeman,518692,0.312015,64
2025,2025-09-11 17:00:00 PDT,65,38.071909,100,0.38071909,Freddie Freeman,518692,0.312015,65
2025,2025-09-09 17:00:00 PDT,66,38.490909,100,0.38490909,Freddie Freeman,518692,0.312015,66
2025,2025-09-09 17:00:00 PDT,67,38.695909,100,0.38695909,Freddie Freeman,518692,0.312015,67
2025,2025-09-09 17:00:00 PDT,68,38.538909,100,0.38538909,Freddie Freeman,518692,0.312015,68
2025,2025-09-09 17:00:00 PDT,69,39.042909,100,0.39042909,Freddie Freeman,518692,0.312015,69
2025,2025-09-09 17:00:00 PDT,70,39.042909,100,0.39042909,Freddie Freeman,518692,0.312015,70
2025,2025-09-08 17:00:00 PDT,71,38.227909,100,0.38227909,Freddie Freeman,518692,0.312015,71
2025,2025-09-08 17:00:00 PDT,72,37.792909,100,0.37792909,Freddie Freeman,518692,0.312015,72
2025,2025-09-08 17:00:00 PDT,73,38.224909,100,0.38224909,Freddie Freeman,518692,0.312015,73
2025,2025-09-08 17:00:00 PDT,74,38.387909,100,0.38387909,Freddie Freeman,518692,0.312015,74
2025,2025-09-07 17:00:00 PDT,75,38.043909,100,0.38043909,Freddie Freeman,518692,0.312015,75
2025,2025-09-07 17:00:00 PDT,76,38.458909,100,0.38458909,Freddie Freeman,518692,0.312015,76
2025,2025-09-07 17:00:00 PDT,77,38.386909,100,0.38386909,Freddie Freeman,518692,0.312015,77
2025,2025-09-07 17:00:00 PDT,78,39.115909,100,0.39115909,Freddie Freeman,518692,0.312015,78
2025,2025-09-06 17:00:00 PDT,79,39.795589,100,0.39795589,Freddie Freeman,518692,0.312015,79
2025,2025-09-06 17:00:00 PDT,80,39.886589,100,0.39886589,Freddie Freeman,518692,0.312015,80
2025,2025-09-06 17:00:00 PDT,81,39.919589,100,0.39919589,Freddie Freeman,518692,0.312015,81
2025,2025-09-06 17:00:00 PDT,82,40.611269,100,0.40611269,Freddie Freeman,518692,0.312015,82
2025,2025-09-06 17:00:00 PDT,83,41.751269,100,0.41751269,Freddie Freeman,518692,0.312015,83
2025,2025-09-05 17:00:00 PDT,84,42.234269,100,0.42234269,Freddie Freeman,518692,0.312015,84
2025,2025-09-05 17:00:00 PDT,85,41.588269,100,0.41588269,Freddie Freeman,518692,0.312015,85
2025,2025-09-05 17:00:00 PDT,86,41.718269,100,0.41718269,Freddie Freeman,518692,0.312015,86
2025,2025-09-04 17:00:00 PDT,87,42.409949,100,0.42409949,Freddie Freeman,518692,0.312015,87
2025,2025-09-04 17:00:00 PDT,88,42.330949,100,0.42330949,Freddie Freeman,518692,0.312015,88
2025,2025-09-04 17:00:00 PDT,89,41.315629,100,0.41315629,Freddie Freeman,518692,0.312015,89
2025,2025-09-04 17:00:00 PDT,90,41.848309,100,0.41848309,Freddie Freeman,518692,0.312015,90
2025,2025-09-03 17:00:00 PDT,91,41.287309,100,0.41287309,Freddie Freeman,518692,0.312015,91
2025,2025-09-03 17:00:00 PDT,92,41.287309,100,0.41287309,Freddie Freeman,518692,0.312015,92
2025,2025-09-03 17:00:00 PDT,93,41.640309,100,0.41640309,Freddie Freeman,518692,0.312015,93
2025,2025-09-03 17:00:00 PDT,94,41.450309,100,0.41450309,Freddie Freeman,518692,0.312015,94
2025,2025-09-02 17:00:00 PDT,95,41.873309,100,0.41873309,Freddie Freeman,518692,0.312015,95
2025,2025-09-02 17:00:00 PDT,96,42.697309,100,0.42697309,Freddie Freeman,518692,0.312015,96
2025,2025-09-02 17:00:00 PDT,97,43.331309,100,0.43331309,Freddie Freeman,518692,0.312015,97
2025,2025-09-02 17:00:00 PDT,98,42.657629,100,0.42657629,Freddie Freeman,518692,0.312015,98
2025,2025-09-01 17:00:00 PDT,99,42.272629,100,0.42272629,Freddie Freeman,518692,0.312015,99
2025,2025-09-01 17:00:00 PDT,100,41.998629,100,0.41998629,Freddie Freeman,518692,0.312015,100
