player,postion,plateAppearances,totalBases,leftOnBase,extraBaseHits,pitchesPerPlateAppearance,bbper,soper,hrper,flyOuts,totalSwings,swingAndMisses,ballsInPlay,popOuts,lineOuts,groundOuts,flyHits,popHits,lineHits,groundHits,gamesPlayed,airOuts,runs,doubles,triples,homeRuns,strikeOuts,baseOnBalls,intentionalWalks,hits,avg,atBats,obp,slg,ops,stolenBases,groundIntoDoublePlay,rbi,fetched
Freddie Freeman,1B,654,249,266,49,4.138,.101,.176,.024,92,1355,313,468,13,40,156,29,2,90,46,152,145,74,32,1,16,115,66,3,167,.290,576,.364,.432,.796,7,22,70,2026-09-27
Kyle Tucker,RF,622,207,256,44,3.934,.125,.169,.027,120,1183,247,436,29,31,131,32,0,64,29,153,180,89,23,4,17,105,78,1,125,.234,535,.331,.387,.718,12,7,70,2026-09-27
Shohei Ohtani,DH,615,267,174,60,3.816,.132,.247,.049,81,1092,345,373,12,22,115,33,0,67,43,138,115,89,26,4,30,152,81,16,143,.275,520,.377,.513,.890,11,9,81,2026-09-27
Andy Pages,CF,569,235,214,50,4.067,.084,.197,.039,78,1095,240,401,32,43,109,31,1,65,42,133,153,74,26,2,22,112,48,1,139,.274,508,.343,.463,.806,13,11,81,2026-09-27
Max Muncy,3B,556,236,250,56,4.068,.113,.252,.052,75,1017,298,346,25,27,98,38,0,50,33,148,127,80,26,1,29,140,63,4,121,.249,485,.344,.487,.831,3,8,76,2026-09-27
Mookie Betts,SS,526,217,221,48,3.684,.089,.106,.044,110,799,98,421,28,49,111,28,0,68,27,122,187,71,25,0,23,56,47,3,123,.258,476,.327,.456,.783,2,14,69,2026-09-27
Teoscar Hernández,LF,488,188,206,36,3.973,.086,.277,.033,65,930,304,307,21,16,87,23,0,46,49,124,102,66,18,2,16,135,42,2,118,.269,439,.336,.428,.764,5,13,64,2026-09-27
Tommy Edman,2B,327,109,114,21,3.667,.064,.205,.024,50,554,127,225,13,13,79,14,0,32,24,83,76,44,11,2,8,67,21,0,70,.243,288,.324,.378,.702,6,4,42,2026-09-27
Will Smith,C,276,100,106,19,4.272,.123,.163,.036,63,490,82,194,10,22,38,15,0,31,15,73,95,35,9,0,10,45,34,0,61,.260,235,.355,.426,.781,0,5,34,2026-09-27
Alex Freeland,2B,269,75,110,13,4.119,.119,.275,.015,32,440,123,162,8,9,59,8,0,29,17,89,49,32,9,0,4,74,32,0,54,.234,231,.327,.325,.652,4,8,21,2026-09-27
Dalton Rushing,C,251,103,116,24,3.765,.092,.295,.048,28,463,148,149,13,16,37,13,0,31,11,79,57,37,12,0,12,74,23,0,55,.248,222,.331,.464,.795,0,2,36,2026-09-27
Miguel Rojas,2B,249,88,107,20,3.478,.060,.104,.016,40,417,71,206,18,20,68,8,0,30,22,106,78,22,16,0,4,26,15,0,60,.269,223,.312,.395,.707,1,9,23,2026-09-27
Alex Call,LF,193,48,83,9,4.358,.119,.181,.005,28,353,60,128,15,7,41,3,1,17,16,87,50,24,8,0,1,35,23,0,37,.230,161,.347,.298,.645,1,2,19,2026-09-27
Hyeseong Kim,SS,131,38,52,5,3.931,.092,.237,.008,15,242,64,87,3,6,33,2,0,20,8,43,24,16,3,1,1,31,12,0,30,.259,116,.323,.328,.651,5,2,11,2026-09-27
Enrique Hernández,3B,94,36,45,8,3.606,.064,.298,.043,10,178,45,60,5,5,20,4,0,11,5,40,20,12,4,0,4,28,6,0,20,.227,88,.277,.409,.686,0,1,12,2026-09-27
Hunter Feduccia,C,86,20,36,3,3.907,.151,.174,.012,18,124,23,58,0,6,19,1,0,11,3,32,24,6,2,0,1,15,13,0,15,.208,72,.329,.278,.607,0,0,7,2026-09-27
Santiago Espinal,3B,60,21,27,4,3.733,.017,.133,.017,9,110,19,51,2,6,19,2,0,10,3,36,17,5,3,0,1,8,1,0,15,.268,56,.276,.375,.651,0,5,7,2026-09-27
Ryan Ward,LF,60,25,33,7,4.200,.083,.283,.050,7,134,37,38,3,3,13,3,0,7,2,20,13,8,4,0,3,17,5,0,12,.218,55,.283,.455,.738,0,2,12,2026-09-27
Josue De Paula,DH,42,18,19,5,4.048,.262,.119,.024,4,63,12,26,0,3,9,2,0,8,0,11,7,7,3,1,1,5,11,0,10,.323,31,.500,.581,1.081,1,1,7,2026-09-27
Eliezer Alfonzo,C,28,7,13,2,3.357,.000,.107,.000,6,51,7,25,1,3,10,1,0,3,1,13,10,3,2,0,0,3,0,0,5,.179,28,.179,.250,.429,0,0,4,2026-09-27
Ben Rortvedt,C,28,5,12,0,3.571,.000,.321,.000,5,46,11,19,1,2,6,0,0,5,0,16,8,0,0,0,0,9,0,0,5,.185,27,.185,.185,.370,0,0,1,2026-09-27
Chuckie Robinson,C,26,2,13,0,3.462,.000,.192,.000,3,51,15,21,5,1,10,0,0,1,1,8,9,1,0,0,0,5,0,0,2,.087,23,.087,.087,.174,0,0,1,2026-09-27
Alek Thomas,CF,20,5,11,1,3.100,.050,.200,.000,5,34,8,15,1,1,4,0,0,2,2,7,7,1,1,0,0,4,1,0,4,.211,19,.250,.263,.513,0,2,3,2026-09-27
Jack Dreyer,P,0,0,0,0,-.--,.---,.---,.---,0,0,0,0,0,0,0,0,0,0,0,66,0,0,0,0,0,0,0,0,0,.000,0,.000,.000,.000,0,0,0,2026-09-27
Edgardo Henriquez,P,0,0,0,0,-.--,.---,.---,.---,0,0,0,0,0,0,0,0,0,0,0,61,0,0,0,0,0,0,0,0,0,.000,0,.000,.000,.000,0,0,0,2026-09-27
