date,opp_name,home_away,result,placement,game_start
Sep 22,San Diego Padres,home,win,last,7-0
Sep 23,San Diego Padres,home,loss,last,1-5
Sep 24,San Diego Padres,home,loss,last,2-4
Sep 25,San Francisco Giants,away,win,last,2-0
Sep 26,San Francisco Giants,away,win,last,4-3
Sep 27,San Francisco Giants,away,win,last,5-1
Oct 3,Atlanta Braves,home,win,last,5-3
Oct 4,Atlanta Braves,home,loss,last,2-3
Oct 6,Atlanta Braves,away,win,last,3-1
Oct 7,Atlanta Braves,away,win,last,4-1
Oct 11,Milwaukee Brewers,away,--,next,5:00 PM
Oct 12,Milwaukee Brewers,away,--,next,2:00 PM
Oct 14,Milwaukee Brewers,home,--,next,5:00 PM
Oct 15,Milwaukee Brewers,home,--,next,6:00 PM
Oct 16,Milwaukee Brewers,home,--,next,6:00 PM
Oct 18,Milwaukee Brewers,away,--,next,5:00 PM
Oct 19,Milwaukee Brewers,away,--,next,5:00 PM
