stat_label,stat,value,category,context_value,context_value_label
Wins,wins,100,standings,93,This point last season
Losses,losses,62,standings,69,This point last season
Win percentage,win_pct,62%,standings,57%,This point last season
Games up/back,games_up_back,9,standings,1st,Division rank
Fielding percentage,fielding_pct,.989,standings,4th,League rank
Errors,errors,64,standings,2nd,League rank
Runs,runs,801,standings,4th,League rank
Runs against,runs_against,600,standings,683,This point last season
Run differential,run_differential,201,standings,142,This point last season
Batting average,batting_average,.257,batting,.253,Last decade average
Home runs,home_runs,204,batting,7th,League rank
Home runs/game,home_runs_game,1.26,batting,1.42,Last decade average
On-base percentage,on_base_pct,.338,batting,3rd,League rank
Slugging percentage,slugging_pct,.424,batting,2nd,League rank
OPS,ops,.762,batting,2nd,League rank
Stolen bases,stolen_bases,72,batting,28th,League rank
Stolen bases/game,stolen_bases_game,0.44,batting,0.84,Rate all last season
Doubles,doubles,266,batting,8th,League rank
Strikeouts,strikeouts,"1,521",pitching,4th,League rank
Walks,walks,480,pitching,27th,League rank
ERA,era,3.55,pitching,4th,League rank
WHIP,whip,1.14,pitching,2nd,League rank
Batting average against,avg_against,.218,pitching,1st,League rank
K/BB ratio,k_bb_ratio,3.17,pitching,3rd,League rank
Last updated,update_time,"October 8, 2026, 7:52 PM PT",summary,,
Team summary,summary,"<span class='highlight'>LOS ANGELES</span> <span class='updated'>(October 8)</span> — The Dodgers compiled a <span class='highlight'>100-62</span> record in the 2026 regular season, a <span class='highlight'>62%</span> winning percentage. The last game was a <span class='highlight'>4-1</span> away <span class='highlight'>win</span> in the <span class='highlight'>NLDS</span> against the <span class='highlight'>Atlanta Braves</span> against the <span class='highlight'>Atlanta Braves</span>. The team is now competing in the <span class='highlight'>NLCS</span> against the <span class='highlight'>Milwaukee Brewers</span>. The team next faces the <span class='highlight'>Milwaukee Brewers</span> on Sunday at 7:00 p.m. CDT at <span class='highlight'>American Family Field</span>.",summary,,
Last game result,last_game_result,win,summary,,
